{"version":1,"list":[
	{
        "source":"p1.jpg",
        "thumb":"s1.jpg",
        "title":"XY Stage Build By Makeblock"
    },
	{
        "source":"p4.jpg",
        "thumb":"s4.jpg",
        "title":"XY Stage Build By Makeblock"
    },
	{
        "source":"p5.jpg",
        "thumb":"s5.jpg",
        "title":"XY Stage Build By Makeblock"
    },
    {
        "source":"p3.jpg",
        "thumb":"s3.jpg",
        "title":"XY Stage Build By Makeblock"
    },
	{
        "source":"p2.jpg",
        "thumb":"s2.jpg",
        "title":"XY Stage Build By Makeblock"
    },
	{
        "source":"p6.jpg",
        "thumb":"s6.jpg",
        "title":"XY Stage Build By Makeblock"
    },
	{
        "source":"p7.jpg",
        "thumb":"s7.jpg",
        "title":"XY Stage Build By Makeblock"
    },
	{
        "source":"p8.jpg",
        "thumb":"s8.jpg",
        "title":"XY Stage Build By Makeblock"
    },
	{
        "source":"p9.jpg",
        "thumb":"s9.jpg",
        "title":"XY Stage Build By Makeblock"
    },
	{
        "source":"p10.jpg",
        "thumb":"s10.jpg",
        "title":"XY Stage Build By Makeblock"
    },
	{
        "source":"p11.jpg",
        "thumb":"s11.jpg",
        "title":"XY Stage Build By Makeblock"
    }
]}