{
	"objName": "Ghoul",
	"sounds": [{
			"soundName": "meow",
			"soundID": -1,
			"md5": "83c36d806dc92327b9e7049a565c6bff.wav",
			"sampleCount": 18688,
			"rate": 22050,
			"format": ""
		}],
	"costumes": [{
			"costumeName": "ghoul-a",
			"baseLayerID": -1,
			"baseLayerMD5": "70ef3e78079cf4a1c9abf32b5d982b71.svg",
			"bitmapResolution": 1,
			"rotationCenterX": 75,
			"rotationCenterY": 75
		},
		{
			"costumeName": "ghoul-b",
			"baseLayerID": -1,
			"baseLayerMD5": "6e962f1248f7a7201eb24d376d804093.svg",
			"bitmapResolution": 1,
			"rotationCenterX": 75,
			"rotationCenterY": 75
		}],
	"currentCostumeIndex": 1,
	"scratchX": 0,
	"scratchY": 0,
	"scale": 1,
	"direction": 90,
	"rotationStyle": "normal",
	"isDraggable": false,
	"indexInLibrary": 100000,
	"visible": true,
	"spriteInfo": {
	}
}