{
	"objName": "Ladybug2",
	"sounds": [{
			"soundName": "pop",
			"soundID": -1,
			"md5": "83a9787d4cb6f3b7632b4ddfebf74367.wav",
			"sampleCount": 258,
			"rate": 11025,
			"format": ""
		}],
	"costumes": [{
			"costumeName": "ladybug2-a",
			"baseLayerID": -1,
			"baseLayerMD5": "c018a3eed966d5f92c69f2188dfd2aae.svg",
			"rotationCenterX": 49,
			"rotationCenterY": 28
		},
		{
			"costumeName": "ladybug2-b",
			"baseLayerID": -1,
			"baseLayerMD5": "a2bb15ace808e070a2b815502952b292.svg",
			"rotationCenterX": 49,
			"rotationCenterY": 28
		}],
	"currentCostumeIndex": 0,
	"scratchX": 0,
	"scratchY": 0,
	"scale": 1,
	"direction": 90,
	"rotationStyle": "normal",
	"isDraggable": false,
	"indexInLibrary": 100000,
	"visible": true,
	"spriteInfo": {
	}
}