{
	"objName": "Crab",
	"sounds": [{
			"soundName": "pop",
			"soundID": -1,
			"md5": "83a9787d4cb6f3b7632b4ddfebf74367.wav",
			"sampleCount": 258,
			"rate": 11025,
			"format": ""
		}],
	"costumes": [{
			"costumeName": "crab-a",
			"baseLayerID": -1,
			"baseLayerMD5": "114249a5660f7948663d95de575cfd8d.svg",
			"rotationCenterX": 75,
			"rotationCenterY": 75
		},
		{
			"costumeName": "crab-b",
			"baseLayerID": -1,
			"baseLayerMD5": "9bf050664e68c10d2616e85f2873be09.svg",
			"rotationCenterX": 75,
			"rotationCenterY": 75
		}],
	"currentCostumeIndex": 0,
	"scratchX": 0,
	"scratchY": 0,
	"scale": 1,
	"direction": 90,
	"rotationStyle": "normal",
	"isDraggable": false,
	"indexInLibrary": 100000,
	"visible": true,
	"spriteInfo": {
	}
}