{
	"objName": "Cat2",
	"sounds": [{
			"soundName": "meow2",
			"soundID": -1,
			"md5": "cf51a0c4088942d95bcc20af13202710.wav",
			"sampleCount": 6512,
			"rate": 11025,
			"format": ""
		}],
	"costumes": [{
			"costumeName": "cat2",
			"baseLayerID": -1,
			"baseLayerMD5": "01ae57fd339529445cb890978ef8a054.svg",
			"bitmapResolution": 1,
			"rotationCenterX": 87,
			"rotationCenterY": 39
		}],
	"currentCostumeIndex": 0,
	"scratchX": 0,
	"scratchY": 0,
	"scale": 1,
	"direction": 90,
	"rotationStyle": "normal",
	"isDraggable": false,
	"indexInLibrary": 100000,
	"visible": true,
	"spriteInfo": {
	}
}