{
	"objName": "Reindeer",
	"sounds": [{
			"soundName": "meow",
			"soundID": -1,
			"md5": "83c36d806dc92327b9e7049a565c6bff.wav",
			"sampleCount": 18688,
			"rate": 22050,
			"format": ""
		}],
	"costumes": [{
			"costumeName": "reindeer",
			"baseLayerID": -1,
			"baseLayerMD5": "0fff0b181cc4d9250b5b985cc283b049.svg",
			"bitmapResolution": 1,
			"rotationCenterX": 39,
			"rotationCenterY": 70
		}],
	"currentCostumeIndex": 0,
	"scratchX": 0,
	"scratchY": 0,
	"scale": 1,
	"direction": 90,
	"rotationStyle": "normal",
	"isDraggable": false,
	"indexInLibrary": 100000,
	"visible": true,
	"spriteInfo": {
	}
}