{
	"objName": "Wizard Boy",
	"sounds": [{
			"soundName": "pop",
			"soundID": -1,
			"md5": "83a9787d4cb6f3b7632b4ddfebf74367.wav",
			"sampleCount": 258,
			"rate": 11025,
			"format": ""
		}],
	"costumes": [{
			"costumeName": "wizard boy",
			"baseLayerID": -1,
			"baseLayerMD5": "6db4d9e4229dc50a1b1c91c3c8311d40.svg",
			"rotationCenterX": 69,
			"rotationCenterY": 93
		}],
	"currentCostumeIndex": 0,
	"scratchX": 0,
	"scratchY": 0,
	"scale": 1,
	"direction": 90,
	"rotationStyle": "normal",
	"isDraggable": false,
	"indexInLibrary": 100000,
	"visible": true,
	"spriteInfo": {
	}
}