{
	"objName": "Skates",
	"sounds": [{
			"soundName": "pop",
			"soundID": -1,
			"md5": "83a9787d4cb6f3b7632b4ddfebf74367.wav",
			"sampleCount": 258,
			"rate": 11025,
			"format": ""
		}],
	"costumes": [{
			"costumeName": "skates",
			"baseLayerID": -1,
			"baseLayerMD5": "00e5e173400662875a26bb7d6556346a.svg",
			"bitmapResolution": 1,
			"rotationCenterX": 44,
			"rotationCenterY": -21
		}],
	"currentCostumeIndex": 0,
	"scratchX": 0,
	"scratchY": 0,
	"scale": 0.9,
	"direction": 90,
	"rotationStyle": "normal",
	"isDraggable": false,
	"indexInLibrary": 100000,
	"visible": true,
	"spriteInfo": {
	}
}