{
	"objName": "Elephant",
	"sounds": [{
			"soundName": "pop",
			"soundID": -1,
			"md5": "83a9787d4cb6f3b7632b4ddfebf74367.wav",
			"sampleCount": 258,
			"rate": 11025,
			"format": ""
		}],
	"costumes": [{
			"costumeName": "elephant-a ",
			"baseLayerID": -1,
			"baseLayerMD5": "6c3e28fd8bd8cc6ea00502c58f7c2e72.svg",
			"bitmapResolution": 1,
			"rotationCenterX": 89,
			"rotationCenterY": 43
		},
		{
			"costumeName": "elephant-b ",
			"baseLayerID": -1,
			"baseLayerMD5": "40a174c3bb31b4daccab6077c5d8106c.svg",
			"bitmapResolution": 1,
			"rotationCenterX": 94,
			"rotationCenterY": 40
		}],
	"currentCostumeIndex": 0,
	"scratchX": 0,
	"scratchY": 0,
	"scale": 1,
	"direction": 90,
	"rotationStyle": "normal",
	"isDraggable": false,
	"indexInLibrary": 100000,
	"visible": true,
	"spriteInfo": {
	}
}