{
	"objName": "Button5",
	"sounds": [{
			"soundName": "pop",
			"soundID": -1,
			"md5": "83a9787d4cb6f3b7632b4ddfebf74367.wav",
			"sampleCount": 258,
			"rate": 11025,
			"format": ""
		}],
	"costumes": [{
			"costumeName": "button5-a",
			"baseLayerID": -1,
			"baseLayerMD5": "71e97245b7be4fd6fe3ba8cdeecadaf1.svg",
			"bitmapResolution": 1,
			"rotationCenterX": 72,
			"rotationCenterY": 72
		},
		{
			"costumeName": "button5-b",
			"baseLayerID": -1,
			"baseLayerMD5": "54cd55512f7571060e6e64168e541222.svg",
			"bitmapResolution": 1,
			"rotationCenterX": 72,
			"rotationCenterY": 72
		}],
	"currentCostumeIndex": 0,
	"scratchX": 0,
	"scratchY": 0,
	"scale": 1,
	"direction": 90,
	"rotationStyle": "normal",
	"isDraggable": false,
	"indexInLibrary": 100000,
	"visible": true,
	"spriteInfo": {
	}
}