{
	"objName": "Boy2",
	"sounds": [{
			"soundName": "pop",
			"soundID": -1,
			"md5": "83a9787d4cb6f3b7632b4ddfebf74367.wav",
			"sampleCount": 258,
			"rate": 11025,
			"format": ""
		}],
	"costumes": [{
			"costumeName": "boy2-a",
			"baseLayerID": -1,
			"baseLayerMD5": "aa239b7ccdce6bddf06900c709525764.svg",
			"rotationCenterX": 52,
			"rotationCenterY": 99
		},
		{
			"costumeName": "boy2-b",
			"baseLayerID": -1,
			"baseLayerMD5": "62b4ac1b735599e21af77c390b178095.svg",
			"rotationCenterX": 33,
			"rotationCenterY": 99
		},
		{
			"costumeName": "boy2-c",
			"baseLayerID": -1,
			"baseLayerMD5": "6aa6196ce3245e93b8d1299f33adffcd.svg",
			"rotationCenterX": 36,
			"rotationCenterY": 102
		},
		{
			"costumeName": "boy2-d",
			"baseLayerID": -1,
			"baseLayerMD5": "2159a6be8f7ff450d0b5e938ca34a3f4.svg",
			"rotationCenterX": 33,
			"rotationCenterY": 99
		},
		{
			"costumeName": "boy2-e",
			"baseLayerID": -1,
			"baseLayerMD5": "e358d2a7e3a0a680928657161ce81a0a.svg",
			"rotationCenterX": 32,
			"rotationCenterY": 99
		}],
	"currentCostumeIndex": 0,
	"scratchX": 0,
	"scratchY": 0,
	"scale": 1,
	"direction": 90,
	"rotationStyle": "normal",
	"isDraggable": false,
	"indexInLibrary": 100000,
	"visible": true,
	"spriteInfo": {
	}
}