[
{"name": "M-Panda", "md5": "mcat.json", "type": "sprite", "tags": ["animals", "drawing", "fantasy", "vector"], "info": [0, 1, 1]},
{"name": "Amon", "md5": "02ea712d4ede8ec2c7eb408e3931d8c4.json", "type": "sprite", "tags": ["people", "flying", "photo", "bitmap"], "info": [0, 1, 1]},
{"name": "Anna", "md5": "6ef382d80b6b96fd02ba3f471c2614a1.json", "type": "sprite", "tags": ["people", "music-and-dance", "city", "photo", "bitmap"], "info": [0, 2, 1]},
{"name": "Ballerina", "md5": "090cd8a1cd780bd868b367ced0eb347b.json", "type": "sprite", "tags": ["people", "music-and-dance", "drawing", "vector"], "info": [0, 4, 1]},
{"name": "Bat1", "md5": "a85170f73f7bf9a599e176b830d2315e.json", "type": "sprite", "tags": ["animals", "drawing", "flying", "vector"], "info": [0, 2, 1]}, 
{"name": "Bat2", "md5": "b6e16d40ec9f8da3a992fd187af45f58.json", "type": "sprite", "tags": ["animals", "drawing", "flying", "vector"], "info": [0, 2, 1]},
{"name": "Bear1", "md5": "e263026ab825186a801446f223c90ec7.json", "type": "sprite", "tags": ["animals", "holiday", "drawing", "vector"], "info": [0, 2, 1]},
{"name": "Bear2", "md5": "481017e094ef73082905e02b8191fbd5.json", "type": "sprite", "tags": ["animals", "holiday", "drawing", "vector"], "info": [0, 1, 1]},
{"name": "Creature1", "md5": "5c11969b37a72774e5e8549ac4e5ab78.json", "type": "sprite", "tags": ["fantasy", "holiday", "drawing", "vector"], "info": [0, 3, 1]},
{"name": "Beetle", "md5": "cb60c65184aaada6d780c9a1291347c3.json", "type": "sprite", "tags": ["animals", "drawing", "vector"], "info": [0, 1, 1]},
{"name": "Boy1", "md5": "dee4026d514754703d3eb240bb89de11.json", "type": "sprite", "tags": ["people", "city", "drawing", "vector"], "info": [0, 4, 1]},
{"name": "Boy2", "md5": "f3707ae4a981820328c564d7ed4efa90.json", "type": "sprite", "tags": ["people", "city", "drawing", "vector"], "info": [0, 5, 1]},
{"name": "Boy3", "md5": "c579ab0d24b4c955ff91018068ef2f83.json", "type": "sprite", "tags": ["people", "city", "drawing", "bitmap"], "info": [0, 2, 1]},
{"name": "Boy3 Walking", "md5": "e2259ec32260e033eb88db521def10bf.json", "type": "sprite", "tags": ["people", "city", "walking", "drawing", "bitmap"], "info": [0, 5, 1]},
{"name": "Boy4", "md5": "68b71dc5d105eb5a6c6ea022a8044d60.json", "type": "sprite", "tags": ["people", "city", "drawing", "bitmap"], "info": [0, 2, 1]},
{"name": "Boy5", "md5": "971db73c828081660045c2fb6fcb3313.json", "type": "sprite", "tags": ["people", "city", "drawing", "bitmap"], "info": [0, 1, 1]},
{"name": "Boy6", "md5": "8e33d1ca79f34dc15355086f2ada3ea7.json", "type": "sprite", "tags": ["people", "city", "drawing", "bitmap"], "info": [0, 1, 1]},
{"name": "Breakdancer1", "md5": "c5a69eb555446b444dba18aaaacb2d94.json", "type": "sprite", "tags": ["people", "music-and-dance", "city", "drawing", "bitmap"], "info": [0, 3, 1]},
{"name": "Breakdancer2", "md5": "e44ae30192cc8480ce94ebebf72440fe.json", "type": "sprite", "tags": ["people", "music-and-dance", "city", "drawing", "bitmap"], "info": [0, 1, 1]},
{"name": "Butterfly1", "md5": "bacbf79010103c7e12206c0e7d7e819c.json", "type": "sprite", "tags": ["animals", "drawing", "flying", "vector"], "info": [0, 2, 1]},
{"name": "Butterfly2", "md5": "142a6e23d56591ed635888e3405fb5e4.json", "type": "sprite", "tags": ["animals", "drawing", "flying", "vector"], "info": [0, 1, 1]},
{"name": "Butterfly3", "md5": "cb396b6060b8f2be77e8ec7a306f7c49.json", "type": "sprite", "tags": ["animals", "drawing", "flying", "vector"], "info": [0, 1, 1]},
{"name": "Calvrett", "md5": "b32f4f40f00447922a4627dfe4fcc702.json", "type": "sprite", "tags": ["people", "music-and-dance", "photo", "bitmap"], "info": [0, 2, 1]},
{"name": "Cassy", "md5": "4a8f584d003497f77539c05491b1be72.json", "type": "sprite", "tags": ["people", "city", "photo", "bitmap"], "info": [0, 4, 1]},
{"name": "Cassy Dance", "md5": "a9bc7865b9c93f33f78a9db32db1ba92.json", "type": "sprite", "tags": ["people", "city", "music-and-dance", "photo", "bitmap"], "info": [0, 4, 1]},
{"name": "Crab", "md5": "5154506d1a51312b0c0857b248b3dac2.json", "type": "sprite", "tags": ["animals", "drawing", "underwater", "vector"], "info": [0, 2, 1]},
{"name": "Dan", "md5": "306a78d32b1f19047db194a746174070.json", "type": "sprite", "tags": ["people", "city", "photo", "bitmap"], "info": [0, 2, 1]},
{"name": "Dinosaur1", "md5": "843b6bf69c4dc397aaa3e63052c5d9aa.json", "type": "sprite", "tags": ["animals", "drawing","vector"], "info": [0, 7, 1]},
{"name": "Dinosaur2", "md5": "353e491187a7795c9ff7a03113169903.json", "type": "sprite", "tags": ["animals", "drawing","vector"], "info": [0, 1, 1]},
{"name": "Dinosaur3", "md5": "342caa291400d13d6c5377bdfbfe2bda.json", "type": "sprite", "tags": ["animals", "drawing","vector"], "info": [0, 1, 1]},
{"name": "Diver1", "md5": "5d4c259926308c29a8e2a7b119ab5918.json", "type": "sprite", "tags": ["people", "underwater", "drawing", "vector"], "info": [0, 1, 1]},
{"name": "Diver2", "md5": "f17148de90f580334d03cf14b0faeacc.json", "type": "sprite", "tags": ["people", "underwater", "drawing", "vector"], "info": [0, 1, 1]},
{"name": "Dog Puppy", "md5": "3abea30e89d7ec057ad4766b342ad034.json", "type": "sprite", "tags": ["animals", "photo", "bitmap"], "info": [0, 1, 1]},
{"name": "Dog1", "md5": "3935515695275dd31a51d16a1a899771.json", "type": "sprite", "tags": ["animals", "drawing", "walking","vector"], "info": [0, 2, 1]},
{"name": "Dog2", "md5": "86a5aab43457739f6decc0524076fe20.json", "type": "sprite", "tags": ["animals", "drawing", "walking","vector"], "info": [0, 3, 1]},
{"name": "Dove1", "md5": "7f4b0d895e1891c59efca2b68152eff7.json", "type": "sprite", "tags": ["animals", "holiday", "drawing", "vector"], "info": [0, 2, 1]},
{"name": "Dove2", "md5": "0427c8f853b9b37f5e69d6dc8f357e2e.json", "type": "sprite", "tags": ["animals", "holiday", "flying", "drawing", "vector"], "info": [0, 2, 1]},
{"name": "Dragon", "md5": "cb9bf0f5a2760c9bc350cb10a6e5b864.json", "type": "sprite", "tags": ["fantasy", "drawing", "flying", "castle","vector"], "info": [0, 2, 0]},
{"name": "Duck", "md5": "8867c7dabeb75fe0a7ac85297ca0635c.json", "type": "sprite", "tags": ["animals", "drawing","vector"], "info": [0, 1, 1]},
{"name": "Elephant", "md5": "bde576cbbecc68f569915f567930f4f9.json", "type": "sprite", "tags": ["animals", "drawing", "nature","vector"], "info": [0, 2, 1]},
{"name": "Fish1", "md5": "0ae25e8c65d576cdc50840331570f650.json", "type": "sprite", "tags": ["animals", "drawing", "underwater","vector"], "info": [0, 1, 1]},
{"name": "Fish2", "md5": "b9990a3379ed5ca739f347db385b5679.json", "type": "sprite", "tags": ["animals", "drawing", "underwater","vector"], "info": [0, 1, 1]},
{"name": "Fish3", "md5": "32e13f0417ae9c2cf52212299c37e545.json", "type": "sprite", "tags": ["animals", "drawing", "underwater","vector"], "info": [0, 1, 1]},
{"name": "Football", "md5": "89ac5d576b91793c403664a5db78517d.json", "type": "sprite", "tags": ["people", "sports", "photo", "bitmap"], "info": [0, 2, 1]},
{"name": "Fox", "md5": "a1f5133d1c5f301e2d507d43ab578334.json", "type": "sprite", "tags": ["animals", "drawing", "vector"], "info": [0, 1, 1]},
{"name": "Frog", "md5": "ecc33f6b6dd64acb421dc5e7811bdf42.json", "type": "sprite", "tags": ["animals", "drawing","vector"], "info": [0, 1, 1]},
{"name": "Ghost1", "md5": "dabbf589798f938657ab87ecd90bb4a3.json", "type": "sprite", "tags": ["fantasy", "drawing", "castle","vector"], "info": [0, 1, 1]},
{"name": "Ghost2", "md5": "34ec59181547fe29fc8dad8cbb069ac3.json", "type": "sprite", "tags": ["fantasy", "drawing", "castle","vector"], "info": [0, 2, 1]},
{"name": "Ghoul", "md5": "2a907a0926ecfd250934feac880902b0.json", "type": "sprite", "tags": ["fantasy", "drawing", "castle", "vector"], "info": [0, 2, 1]},
{"name": "Girl1", "md5": "92ec656ecf76654dbcd8a25c29d8ace6.json", "type": "sprite", "tags": ["people", "city", "drawing", "vector"], "info": [0, 4, 1]},
{"name": "Girl2", "md5": "d60d611593913df93aad65f6bc728328.json", "type": "sprite", "tags": ["people", "city", "drawing", "vector"], "info": [0, 2, 1]},
{"name": "Girl2 Walking", "md5": "f50d6196aa8d01798e730929eeb3a342.json", "type": "sprite", "tags": ["people", "city", "walking", "drawing", "vector"], "info": [0, 4, 1]},
{"name": "Girl3", "md5": "2ea75befe868c02efe8575ff95cb32f0.json", "type": "sprite", "tags": ["people", "city", "drawing", "bitmap", "sports"], "info": [0, 3, 1]},
{"name": "Girl4", "md5": "55da09bc01b01e1d0c4986d462491063.json", "type": "sprite", "tags": ["people", "city", "drawing", "bitmap"], "info": [0, 2, 1]},
{"name": "Girl5", "md5": "b18e2d75383de0787c26d53b4b4b81a9.json", "type": "sprite", "tags": ["people", "city", "drawing", "bitmap"], "info": [0, 2, 1]},
{"name": "Girl6", "md5": "62a833d8d56fc6733c685362ec488a5d.json", "type": "sprite", "tags": ["people", "city", "drawing", "bitmap"], "info": [0, 2, 1]},
{"name": "Girl7", "md5": "77260ba96d2be032dc1ef483cc8f186e.json", "type": "sprite", "tags": ["people", "city", "drawing", "bitmap"], "info": [0, 1, 1]},
{"name": "Hippo1", "md5": "d2aa4206727d7eac02a2207bb059c038.json", "type": "sprite", "tags": ["animals", "flying", "fantasy", "vector"], "info": [0, 1, 1]},
{"name": "Horse1", "md5": "ebf2fe69dcf230c0d47ed2cd52ae6e48.json", "type": "sprite", "tags": ["animals", "transportation", "vector", "drawing"], "info": [0, 2, 1]},
{"name": "Jay", "md5": "e5be12ee86b250fbdf3dae235a5d8d4d.json", "type": "sprite", "tags": ["people", "music-and-dance", "city", "photo", "bitmap"], "info": [0, 1, 1]},
{"name": "Jodi", "md5": "5646bded6b18749d46479f97f72f6af4.json", "type": "sprite", "tags": ["people", "sports", "photo", "bitmap"], "info": [0, 1, 1]},
{"name": "Knight", "md5": "80b4ca9e630d06cb5ee4ca135dad0edc.json", "type": "sprite", "tags": ["fantasy", "drawing", "castle","vector"], "info": [0, 1, 1]},
{"name": "Ladybug1", "md5": "6aec4bd32e3803a975240166b1972b22.json", "type": "sprite", "tags": ["animals", "drawing","vector"], "info": [0, 1, 1]},
{"name": "Ladybug2", "md5": "42f6971c994a9c2b289f9230d400effa.json", "type": "sprite", "tags": ["animals", "drawing","vector"], "info": [0, 2, 1]},
{"name": "Lion", "md5": "da0b90aa4f8829f039b5a9c626c1a418.json", "type": "sprite", "tags": ["animals", "drawing", "vector"], "info": [0, 2, 1]},
{"name": "Lionness", "md5": "10212340731fe13f1753d0b83b3227fc.json", "type": "sprite", "tags": ["animals", "drawing", "vector"], "info": [0, 1, 1]},
{"name": "Monkey1", "md5": "a011fa6e9aef8d79929d9d021d6611b7.json", "type": "sprite", "tags": ["animals", "drawing","vector"], "info": [0, 2, 1]},
{"name": "Monkey2", "md5": "c5a9f02e45ca4084d6533bba16dbf168.json", "type": "sprite", "tags": ["animals", "drawing","vector"], "info": [0, 3, 1]},
{"name": "Mouse1", "md5": "2a4a603b57bfc9b7d68f20ba906545e7.json", "type": "sprite", "tags": ["animals","drawing","vector"], "info": [0, 1, 1]},
{"name": "Neigh Pony", "md5": "4573e08794af61b5d9722313b452d4c5.json", "type": "sprite", "tags": ["animals", "drawing","vector"], "info": [0, 1, 1]},
{"name": "Octopus", "md5": "dd44042e62d9e8ae88a8527a092b570b.json", "type": "sprite", "tags": ["animals", "drawing", "vector", "underwater"], "info": [0, 2, 1]},
{"name": "Parrot", "md5": "5d715abf844c9e1c840e5a1fbb8eb79e.json", "type": "sprite", "tags": ["animals", "drawing", "flying", "nature","vector"], "info": [0, 2, 1]},
{"name": "Paul", "md5": "9889ebdef7735213ce610c5922bc1b62.json", "type": "sprite", "tags": ["people", "city", "photo", "bitmap"], "info": [0, 1, 1]},
{"name": "Penguin1", "md5": "8f40bf3ab85d349934dd824caad77514.json", "type": "sprite", "tags": ["animals", "drawing", "vector"], "info": [0, 1, 1]},
{"name": "Penguin1 Talk", "md5": "9713f87073cbcd00a411113798cb59b4.json", "type": "sprite", "tags": ["animals", "drawing", "vector"], "info": [0, 2, 1]},
{"name": "Penguin2", "md5": "8ab2a02165555aa02be65dd6a4441d4f.json", "type": "sprite", "tags": ["animals", "drawing", "vector"], "info": [0, 1, 1]},
{"name": "Penguin2 Talk", "md5": "9c31485e19698d3bcffcd960b19b164f.json", "type": "sprite", "tags": ["animals", "drawing", "vector"], "info": [0, 2, 1]},
{"name": "Penguin3", "md5": "e1392e7e6ebffec1071ff9575b9d6b66.json", "type": "sprite", "tags": ["animals", "holiday", "drawing", "vector"], "info": [0, 3, 1]},
{"name": "Prince", "md5": "a8c6387eb722a44bdb20a6b9561eb9ba.json", "type": "sprite", "tags": ["people", "fantasy", "castle", "drawing", "vector"], "info": [0, 1, 1]},
{"name": "Princess", "md5": "578d0721043a95a9ee18638be936d559.json", "type": "sprite", "tags": ["people", "fantasy", "castle", "drawing", "vector"], "info": [0, 1, 1]},
{"name": "Referee", "md5": "4ea0317487ea57bf7af363ef5b613a5a.json", "type": "sprite", "tags": ["people", "sports", "photo", "bitmap"], "info": [0, 1, 1]},
{"name": "Reindeer", "md5": "845df0235f7e43d9d3680919ac087193.json", "type": "sprite", "tags": ["fantasy", "holiday", "drawing", "vector"], "info": [0, 1, 1]},
{"name": "Robot1", "md5": "eaca35db06eccf54119f09bc9a54fff7.json", "type": "sprite", "tags": ["fantasy", "drawing", "space","vector"], "info": [0, 1, 1]},
{"name": "Sam", "md5": "7f6822b4351eaea915082a9ef17d7883.json", "type": "sprite", "tags": ["people", "city", "photo", "bitmap"], "info": [0, 1, 1]},
{"name": "Shark", "md5": "f4de29876d955980cea7fb13e5104128.json", "type": "sprite", "tags": ["animals", "drawing", "underwater","vector"], "info": [0, 3, 1]},
{"name": "Singer1", "md5": "0b443d6f38ddba7870461d897b378495.json", "type": "sprite", "tags": ["people", "music-and-dance", "drawing", "vector"], "info": [0, 1, 1]},
{"name": "Snowman", "md5": "3dcf0d9984f19bdaedbb5d39443fb430.json", "type": "sprite", "tags": ["fantasy", "holiday", "drawing","vector"], "info": [0, 1, 1]},
{"name": "Squirrel", "md5": "a217836c6c6af270028d6539b551081b.json", "type": "sprite", "tags": ["animals", "bitmap", "photo"], "info": [0, 1, 1]},
{"name": "Starfish", "md5": "6ec7ad82ae0dcaf14372f5bc7cf98cdb.json", "type": "sprite", "tags": ["animals", "drawing", "underwater","vector"], "info": [0, 2, 1]},
{"name": "Tera", "md5": "b6cea57398b8ee6836189f3b46b89c4d.json", "type": "sprite", "tags": ["fantasy","space","drawing","vector"], "info": [0, 4, 1]},
{"name": "Unicorn", "md5": "f63bd4a96f84b2f521f4515d75be5142.json", "type": "sprite", "tags": ["fantasy", "drawing", "castle","vector"], "info": [0, 1, 1]},
{"name": "Witch", "md5": "266baac462372ae29a56530877350e57.json", "type": "sprite", "tags": ["people", "fantasy", "castle", "drawing", "vector"], "info": [0, 1, 1]},
{"name": "Wizard Boy", "md5": "9edb538c4f58561252ab06cca5b9dcc7.json","type": "sprite", "tags": ["people", "fantasy", "castle", "drawing", "vector"], "info": [0, 1, 1]},
{"name": "Wizard Girl", "md5": "cbab7a434d58d120142aee5c349c6fa6.json", "type": "sprite", "tags": ["people", "fantasy", "castle", "drawing", "vector"], "info": [0, 1, 1]},
{"name": "Wizard", "md5": "29632bdf8d93f6b6631586436e818f39.json", "type": "sprite", "tags": ["people", "fantasy", "castle", "drawing", "vector"], "info": [0, 1, 1]},
{"name": "Woman Waving", "md5": "66caad1857b95501b9345d7f54472adb.json", "type": "sprite", "tags": ["people", "city", "drawing", "vector"], "info": [0, 1, 1]},
{"name": "Airplane", "md5": "c019d9f8cf29476e8b38af8f91f059cb.json", "type": "sprite", "tags": ["transportation", "flying", "city", "photo", "bitmap"], "info": [0, 1, 1]},
{"name": "Apple", "md5": "6fe917b6e8536867439b9a9eeddced04.json", "type": "sprite", "tags": ["things", "drawing", "vector"], "info": [0, 1, 1]},
{"name": "Arrow1", "md5": "351dd27c47a05ba828689922751e4e9f.json", "type": "sprite", "tags": ["things", "drawing", "vector"], "info": [0, 4, 1]},
{"name": "Arrow2", "md5": "3368b79304f91c7e66658b09607e0c36.json", "type": "sprite", "tags": ["things", "drawing", "vector"], "info": [0, 4, 1]},
{"name": "Bananas", "md5": "08c7c24135119876ef5be785d3ed0c25.json", "type": "sprite", "tags": ["things", "drawing", "vector"], "info": [0, 1, 0]},
{"name": "Baseball", "md5": "924647fb18d3d71156c46756e71ccb84.json", "type": "sprite", "tags": ["things", "sports", "drawing", "vector"], "info": [0, 1, 1]},
{"name": "Basketball", "md5": "f093c6922d4ae4825b3442ccfabae8cc.json", "type": "sprite", "tags": ["things", "sports", "drawing", "vector"], "info": [0, 1, 0]},
{"name": "Beachball", "md5": "bffdb338c18c044e4b24c96257917cbd.json", "type": "sprite", "tags": ["things", "sports", "drawing", "vector"], "info": [0, 1, 1]},
{"name": "Bell", "md5": "4c74e0711e56ebf7af11ae73af7162f1.json", "type": "sprite", "tags": ["things", "holiday", "drawing", "vector"], "info": [0, 1, 2]},
{"name": "Bells", "md5": "8abd8198ef46fa8cb4fa70aef7fba584.json", "type": "sprite", "tags": ["things", "holiday", "drawing", "vector"], "info": [0, 2, 1]},
{"name": "Bus", "md5": "64b29ebcd86a434ad94c86396e3dca25.json", "type": "sprite", "tags": ["transportation", "city", "photo", "bitmap"], "info": [0, 1, 1]},
{"name": "Button1", "md5": "821f41684702960679aa66a5fca81eaa.json", "type": "sprite", "tags": ["things", "drawing", "vector"], "info": [0, 1, 1]},
{"name": "Button2", "md5": "842cdf61a4a76de1e7054bde8bf6c798.json", "type": "sprite", "tags": ["things", "drawing", "vector"], "info": [0, 2, 1]},
{"name": "Button3", "md5": "5a26f7d059ae68d20653f8485c625b08.json", "type": "sprite", "tags": ["things", "drawing", "vector"], "info": [0, 2, 1]},
{"name": "Button4", "md5": "8b4bb1beec6c6735012eadaee6befcc7.json", "type": "sprite", "tags": ["things", "drawing", "vector"], "info": [0, 2, 1]},
{"name": "Button5", "md5": "bfae64c7f198d3d4ff0edc9f446a6fe3.json", "type": "sprite", "tags": ["things", "drawing", "vector"], "info": [0, 2, 1]},
{"name": "Candle", "md5": "4bba8db67b5b0e6595cdd900de5ed659.json", "type": "sprite", "tags": ["things", "holiday", "drawing", "vector"], "info": [0, 2, 1]},
{"name": "Candles1", "md5": "b01e8a900f455643ef07143582a2be74.json", "type": "sprite", "tags": ["things", "holiday", "drawing", "vector"], "info": [0, 1, 1]},
{"name": "Candles2", "md5": "e2cbd5dc36e838b06a85d9dc097844b3.json", "type": "sprite", "tags": ["things", "holiday", "drawing", "vector"], "info": [0, 1, 1]},
{"name": "Car-Bug", "md5": "981d842c4a118350d39279a81ab0f3a9.json", "type": "sprite", "tags": ["transportation", "city", "photo", "bitmap"], "info": [0, 1, 1]},
{"name": "Cheesy-Puffs", "md5": "84767cfcd1f458f9199147e88d77c14e.json", "type": "sprite", "tags": ["things", "photo", "bitmap"], "info": [0, 1, 1]},
{"name": "Convertible1", "md5": "9dd286738dd7983dba4b8e03f7ebcef6.json", "type": "sprite", "tags": ["transportation", "city", "drawing", "bitmap"], "info": [0, 1, 1]},
{"name": "Convertible2", "md5": "74fc3da93327b3a83d43336c1e460f2f.json", "type": "sprite", "tags": ["transportation", "city", "drawing", "bitmap"], "info": [0, 1, 1]},
{"name": "Convertible3", "md5": "38a9a7103c828a69d7d1158294c4dce1.json", "type": "sprite", "tags": ["transportation", "city", "drawing", "vector"], "info": [0, 1, 1]},
{"name": "Donut", "md5": "5910ce8d0bd272cf5abe84ac68458f98.json", "type": "sprite", "tags": ["things", "drawing", "vector"], "info": [0, 1, 1]},
{"name": "Drum1", "md5": "6c18382bdad8d23da13d06774d1cdb87.json", "type": "sprite", "tags": ["things", "music-and-dance", "drawing", "vector"], "info": [0, 1, 1]},
{"name": "Drum2", "md5": "5bdf3fd556038f094da79f58635bb2a2.json", "type": "sprite", "tags": ["things", "music-and-dance", "drawing", "vector"], "info": [0, 1, 1]},
{"name": "Earth", "md5": "3ab757c0ea08610c6a1529272f077187.json", "type": "sprite", "tags": ["things", "space", "drawing", "vector"], "info": [0, 1, 1]},
{"name": "Fire hydrant", "md5": "294766226b3a07d4aceed3a309f3bb28.json", "type": "sprite", "tags": ["things", "photo", "bitmap"], "info": [0, 1, 1]},
{"name": "Flower Shape", "md5": "f9d2a6076cf8bb2104c760666cabbbac.json", "type": "sprite", "tags": ["things", "drawing", "vector"], "info": [0, 1, 1]},
{"name": "Fortune Cookie", "md5": "e306155639d824669d20b6903f99f1ed.json", "type": "sprite", "tags": ["things", "photo", "bitmap"], "info": [0, 1, 1]},
{"name": "Fruit Platter", "md5": "081a876c17dbea4d980f33f458ab51d6.json", "type": "sprite", "tags": ["things", "photo", "bitmap"], "info": [0, 1, 1]},
{"name": "Fruit Salad", "md5": "e8973a52d99c22dfc67fc5a08c5589c2.json", "type": "sprite", "tags": ["things", "drawing", "vector"], "info": [0, 1, 1]},
{"name": "Gift", "md5": "9066ef7fd9947a4739e84b56b11ac42b.json", "type": "sprite", "tags": ["things", "holiday", "drawing", "vector"], "info": [0, 2, 0]},
{"name": "Helicopter", "md5": "c98aab4932d39a9d1bf4276e86c505cd.json", "type": "sprite", "tags": ["transportation", "flying", "city", "drawing", "bitmap"], "info": [0, 1, 1]},
{"name": "Hat3", "md5": "96bb036ab20dbd7a36860aa4bbcbf59c.json", "type": "sprite", "tags": ["things", "holiday", "drawing", "vector"], "info": [0, 1, 2]},
{"name": "Holly", "md5": "60ad77d45d697c6603824026cec68864.json", "type": "sprite", "tags": ["things", "holiday", "drawing", "vector"], "info": [0, 2, 1]},
{"name": "Home Button", "md5": "455664f5ff85e7b05abd936a4a7f74e1.json", "type": "sprite", "tags": ["things", "drawing", "vector"], "info": [0, 1, 1]},
{"name": "Key", "md5": "9106cf68ba0e0aae12d6fb03c78c3da0.json", "type": "sprite", "tags": ["things", "drawing", "vector"], "info": [0, 1, 1]},  
{"name": "Lamp", "md5": "901d99180fd7f5c5a1789fe38d03c379.json", "type": "sprite", "tags": ["things", "photo", "bitmap"], "info": [0, 1, 1]},
{"name": "Laptop", "md5": "613b85f66d89bd228b8975a70cba2d1f.json", "type": "sprite", "tags": ["things", "drawing", "vector"], "info": [0, 1, 1]},
{"name": "Lightning", "md5": "639739d1c20b827c2469a34e193e529f.json", "type": "sprite", "tags": ["things", "castle", "nature", "drawing", "vector"], "info": [0, 1, 1]},
{"name": "Magic Carpet", "md5": "baa4a1d2cd57015c6c5664165609f949.json", "type": "sprite", "tags": ["transportation", " fantasy", "flying", "castle", "drawing", "bitmap"], "info": [0, 1, 1]},
{"name": "Magic Wand", "md5": "3cfe80e70ace15a3cd3125c09d28f3c6.json", "type": "sprite", "tags": ["things", "castle", "drawing", "vector"], "info": [0, 1, 1]},
{"name": "Marble Building", "md5": "c67f8ddc1ce90e09b6ced8d357605e0a.json", "type": "sprite", "tags": ["things", "photo", "bitmap"], "info": [0, 1, 1]},
{"name": "Microphone Stand", "md5": "e83da21db643680cd441bd83680394fa.json", "type": "sprite", "tags": ["things", "music-and-dance", "drawing", "vector"], "info": [0, 1, 1]},
{"name": "Microphone", "md5": "9530888c4d28f7939aa419f7f60e687f.json", "type": "sprite", "tags": ["things", "music-and-dance", "drawing", "vector"], "info": [0, 1, 1]},
{"name": "Muffin", "md5": "4f8229ec55c04baa1b11148420eecfc4.json", "type": "sprite", "tags": ["things", "drawing", "vector"], "info": [0, 2, 1]},
{"name": "Orange", "md5": "5b99741c2f38817944e35650c73a55e9.json", "type": "sprite", "tags": ["things", "drawing", "vector"], "info": [0, 1, 1]},
{"name": "Orange2", "md5": "d45307a3b5c3f92719f1987a529f1ab4.json", "type": "sprite", "tags": ["things", "drawing", "vector"], "info": [0, 3, 1]},
{"name": "Palmtree", "md5": "87117712eb3c37b84a174374e0323b0a.json", "type": "sprite", "tags": ["things", "nature", "photo", "bitmap"], "info": [0, 1, 1]},
{"name": "PartyHat1", "md5": "e66b6c6d2a36086c7a330744bb810f67.json", "type": "sprite", "tags": ["things", "holiday", "drawing", "vector"], "info": [0, 1, 1]},
{"name": "PartyHat2", "md5": "164eeb692030c9db3f4552f96d19020e.json", "type": "sprite", "tags": ["things", "holiday", "drawing", "vector"], "info": [0, 1, 1]},
{"name": "Pencil", "md5": "5f71af22ccff759627e51f2ad820c67b.json", "type": "sprite", "tags": ["things", "drawing", "vector"], "info": [0, 2, 1]},
{"name": "Planet2", "md5": "4fc902eee8d5ad5368e537b07b4fbd2a.json", "type": "sprite", "tags": ["things", "space", "drawing", "vector"], "info": [0, 1, 1]},
{"name": "Rocks", "md5": "a3751ad6ac4c9a62bac16aade017052c.json", "type": "sprite", "tags": ["things", "nature", "drawing", "vector"], "info": [0, 1, 1]},
{"name": "Sailboat", "md5": "ff1e510bf3ca520889dc1f786607c32a.json", "type": "sprite", "tags": ["transportation", "photo", "bitmap"], "info": [0, 1, 1]},
{"name": "Scarf", "md5": "fb3c2c5ef49f8c164af0b2a8bc088fc9.json", "type": "sprite", "tags": ["things", "holiday", "drawing", "vector"], "info": [0, 1, 1]},
{"name": "Skates", "md5": "a2d524f561fac16f49b8ece2c1e7bc51.json", "type": "sprite", "tags": ["things", "holiday", "drawing", "vector"], "info": [0, 1, 1]},
{"name": "Snowflake", "md5": "800bbf1810a82c5eb84247617e08b7c4.json", "type": "sprite", "tags": ["things", "holiday", "drawing", "vector"], "info": [0, 1, 1]},
{"name": "Soccer Ball", "md5": "781e03e948c1c8a2404a021b87fb555e.json", "type": "sprite", "tags": ["things", "sports", "drawing", "vector"], "info": [0, 1, 1]},
{"name": "Spaceship", "md5": "cc0ceb624bbf791f5e727197493b2962.json", "type": "sprite", "tags": ["transportation", "space", "fantasy", "flying", "drawing", "vector"], "info": [0, 2, 1]},
{"name": "Star1", "md5": "0c45a579bc2dd00a0bd8b549ebc370fb.json", "type": "sprite", "tags": ["things", "holiday", "drawing", "vector"], "info": [0, 1, 1]},
{"name": "Star2", "md5": "3e5e885d2daed6850bc7ce760fb05792.json", "type": "sprite", "tags": ["things", "holiday", "drawing", "vector"], "info": [0, 1, 1]},
{"name": "Star3", "md5": "0ef22836491409e7162c9e42008eb209.json", "type": "sprite", "tags": ["things", "holiday", "drawing", "vector"], "info": [0, 2, 0]},
{"name": "Street Cleaner", "md5": "4ac6a5c3afefd96bd84c555e762e5e7e.json", "type": "sprite", "tags": ["transportation","city", "photo", "bitmap"], "info": [0, 1, 1]},
{"name": "Sun", "md5": "044b0ed210080d51a7413498134f20ff.json", "type": "sprite", "tags": ["things", "space", "drawing", "vector", "vector"], "info": [0, 1, 1]},
{"name": "Sunglasses1", "md5": "d539bba5cc6dc82276c3ea87e6b37add.json", "type": "sprite", "tags": ["things", "drawing", "vector"], "info": [0, 1, 1]},
{"name": "Sunglasses2", "md5": "7e70643cefba998bb7dfb9ea74c02c11.json", "type": "sprite", "tags": ["things", "drawing", "vector"], "info": [0, 1, 1]},
{"name": "Tennis Ball", "md5": "c1b3bff53f83d2e14d63060ea8fb69c7.json", "type": "sprite", "tags": ["things", "sports", "photo", "bitmap"], "info": [0, 1, 1]},
{"name": "Trampoline", "md5": "365a89dc9e015fc1e7ec48cdf453ad86.json", "type": "sprite", "tags": ["things", "photo", "bitmap"], "info": [0, 1, 1]},
{"name": "Tree", "md5": "98060be10c1e9c3b4ed0e89fb473129a.json", "type": "sprite", "tags": ["things", "holiday", "drawing", "vector"], "info": [0, 1, 1]},
{"name": "Tree-lights", "md5": "9cd26229c19cdcb998fcfffcef90e461.json", "type": "sprite", "tags": ["things", "holiday", "drawing", "vector"], "info": [0, 2, 1]},
{"name": "Umbrella", "md5": "f325bf501590f853ee1bf8eb2573998f.json", "type": "sprite", "tags": ["things", "photo", "bitmap"], "info": [0, 1, 1]},
{"name": "Watermelon", "md5": "ca05b21f0f5f78a5a0a1babe195de11f.json", "type": "sprite", "tags": ["things", "vector", "drawing"], "info": [0, 3, 1]},
{"name": "Wizard Hat", "md5": "c34383c3bba5df3161a3403338f6dd25.json", "type": "sprite", "tags": ["things", "castle", "drawing", "vector"], "info": [0, 1, 1]},

{"name": "cat-a","md5":"b2ea43be1b1c00cb2b3dc20bf337f96e.svg","type":"costume","tags":["animals", "drawing", "walking", "vector"],"info":[]},
{"name": "cat-b","md5":"41ab45d91d43a4be11748e7c15fc6615.svg","type":"costume","tags":["animals", "drawing", "walking", "vector"],"info":[]},
{"name": "amon","md5":"8d508770c1991fe05959c9b3b5167036.gif","type":"costume","tags":["people", "flying", "photo", "bitmap"],"info":[]},
{"name": "anna-a","md5":"23ab3e9be3be672fa2c43571e92b2b3e.png","type":"costume","tags":["people", "music-and-dance", "city", "photo", "bitmap"],"info":[]},
{"name": "anna-b","md5":"25b8d4f7eae0add3bc24c20f5f17ada9.png","type":"costume","tags":["people", "music-and-dance", "city", "photo", "bitmap"],"info":[]},
{"name": "ballerina-a","md5":"6051bb7008cf17c8853a6f81f04c8a0f.svg","type":"costume","tags":["people", "music-and-dance", "drawing", "vector"],"info":[]},
{"name": "ballerina-b","md5":"8bc5e47fb1439e29e11e9e3f2e20c6de.svg","type":"costume","tags":["people", "music-and-dance", "drawing", "vector"],"info":[]},
{"name": "ballerina-c","md5":"6d3a07761b294f705987b0af58f8e335.svg","type":"costume","tags":["people", "music-and-dance", "drawing", "vector"],"info":[]},
{"name": "ballerina-d","md5":"c3164795edf39e436272f425b4f5e487.svg","type":"costume","tags":["people", "music-and-dance", "drawing", "vector"],"info":[]},
{"name": "bat1-a ", "md5": "7ad915f8e0884f497a24d5bb61ea8a4a.svg", "type": "costume", "tags": ["animals", "drawing", "flying", "vector"], "info": [150, 150]},
{"name": "bat1-b ", "md5": "f127434672b872a902346ef3c1af45f2.svg", "type": "costume", "tags": ["animals", "drawing", "flying", "vector"], "info": [150, 150]},
{"name": "bat2-a ", "md5": "647d4bd53163f94a7dabf623ccab7fd3.svg", "type": "costume", "tags": ["animals", "drawing", "flying", "vector", "vector"], "info": [150, 150]},
{"name": "bat2-b ", "md5": "8aa1d20e4f7761becbe9bafa75290465.svg", "type": "costume", "tags": ["animals", "drawing", "flying"], "info": [150, 150]},
{"name": "bear1-a", "md5": "fc7a4e62ca1329fa90fa6d0abddecabf.svg", "type": "costume", "tags": ["animals", "holiday", "drawing", "vector"], "info": [85, 139]},
{"name": "bear1-b", "md5": "980d34fa0d7a3b35fea9c2d5dede216a.svg", "type": "costume", "tags": ["animals", "holiday", "drawing", "vector"], "info": [85, 139]},
{"name": "bear2", "md5": "6d221edd99a5d0cb7b6bbfee6f8d9681.svg", "type": "costume", "tags": ["animals", "holiday", "drawing", "vector"], "info": [72, 129]},
{"name": "beetle", "md5": "e1ce8f153f011fdd52486c91c6ed594d.svg", "type": "costume", "tags": ["animals", "drawing", "vector"], "info": [94, 85]},
{"name": "boy1-a", "md5": "b1897e56265470b55fa65fabe2423c55.svg", "type": "costume", "tags": ["people", "city", "drawing", "vector"], "info": [89, 191]},
{"name": "boy1-b", "md5": "873fbd641768c8f753a6568da97633e7.svg", "type": "costume", "tags": ["people", "city", "drawing", "vector"], "info": [72, 191]},
{"name": "boy1-c", "md5": "eac3c03d86cebb42c8f30e373cb7f623.svg", "type": "costume", "tags": ["people", "city", "drawing", "vector"], "info": [64, 191]},
{"name": "boy1-d", "md5": "fa6a75afb0e4b822b91d8bb20d40c68f.svg", "type": "costume", "tags": ["people", "city", "drawing", "vector"], "info": [76, 190]},
{"name": "boy2-a", "md5": "aa239b7ccdce6bddf06900c709525764.svg", "type": "costume", "tags": ["people", "city", "drawing", "vector"], "info": [66, 191]},
{"name": "boy2-b", "md5": "62b4ac1b735599e21af77c390b178095.svg", "type": "costume", "tags": ["people", "city", "drawing", "vector"], "info": [47, 191]},
{"name": "boy2-c", "md5": "6aa6196ce3245e93b8d1299f33adffcd.svg", "type": "costume", "tags": ["people", "city", "drawing", "vector"], "info": [51, 191]},
{"name": "boy2-d", "md5": "2159a6be8f7ff450d0b5e938ca34a3f4.svg", "type": "costume", "tags": ["people", "city", "drawing", "vector"], "info": [48, 191]},
{"name": "boy2-e", "md5": "e358d2a7e3a0a680928657161ce81a0a.svg", "type": "costume", "tags": ["people", "city", "drawing", "vector"], "info": [48, 191]},
{"name": "boy3-a", "md5": "5e934cb9ca1ba5168a568b3cfacb37b1.png", "type": "costume", "tags": ["people", "city", "drawing", "bitmap"], "info": [134, 180]},
{"name": "boy3-b", "md5": "a22a3328eab1d0998913afcf69e94260.png", "type": "costume", "tags": ["people", "city", "drawing", "bitmap"], "info": [96, 157]},
{"name": "boy3 walking-a", "md5": "f8672ec6aca2f5740b317216c26bb36e.png", "type": "costume", "tags": ["people", "city", "walking", "drawing", "bitmap"], "info": [110, 180]},
{"name": "boy3 walking-b", "md5": "8aa9732ad8a40f05500a1bf4202fe07d.png", "type": "costume", "tags": ["people", "city", "walking", "drawing", "bitmap"], "info": [110, 180]},
{"name": "boy3 walking-c", "md5": "07332d8c83dada7f5a9bc335f95a4f8d.png", "type": "costume", "tags": ["people", "city", "walking", "drawing", "bitmap"], "info": [110, 180]},
{"name": "boy3 walking-d", "md5": "9372038e9b2edfe3031bdb20cd0faaae.png", "type": "costume", "tags": ["people", "city", "walking", "drawing", "bitmap"], "info": [110, 180]},
{"name": "boy3 walking-e", "md5": "1f0034c53fe5c9415589883c34dd5223.png", "type": "costume", "tags": ["people", "city", "walking", "drawing", "bitmap"], "info": [110, 180]},
{"name": "boy4-a", "md5": "d77fbdfdc1db47fc65a935103461fe85.png", "type": "costume", "tags": ["people", "city", "drawing", "bitmap"], "info": [70, 160]},
{"name": "boy4-b", "md5": "768997bc3a862403b4c4f36171158052.png", "type": "costume", "tags": ["people", "city", "drawing", "bitmap"], "info": [82, 160]},
{"name": "boy5", "md5": "67009218c2f572ddb438f9a54dca44e3.gif", "type": "costume", "tags": ["people", "city", "drawing", "bitmap"], "info": [78, 160]},
{"name": "boy6", "md5": "e8f650cec66afb309ae934b82637b7c9.gif", "type": "costume", "tags": ["people", "city", "drawing", "bitmap"], "info": [90, 160]},
{"name": "breakdancer1-a","md5":"cafd225b63d3aeeedc8df926fe5b6ab4.png","type":"costume","tags":["people", "music-and-dance", "city", "drawing", "bitmap"],"info":[]},
{"name": "breakdancer1-b","md5":"84bcb1be206e8653a7d97549733c3db5.png","type":"costume","tags":["people", "music-and-dance", "city", "drawing", "bitmap"],"info":[]},
{"name": "breakdancer1-c","md5":"b345babf9f78b5e88a288a4b13a7ca29.png","type":"costume","tags":["people", "music-and-dance", "city", "drawing", "bitmap"],"info":[]},
{"name": "breakdancer2","md5":"15f5f39e2a97519eb84c1bef7a568528.gif","type":"costume","tags":["people", "music-and-dance", "city", "photo", "bitmap"],"info":[]},
{"name": "butterfly1-a", "md5": "836d4cc7889f4a1cbcb0303934f31f79.svg", "type": "costume", "tags": ["animals", "drawing", "flying", "vector"], "info": [150, 150]},
{"name": "butterfly1-b ", "md5": "55dd0671a359d7c35f7b78f4176660e8.svg", "type": "costume", "tags": ["animals", "drawing", "flying", "vector"], "info": [150, 150]},
{"name": "butterfly2 ", "md5": "a0216895beade6afc6d42bd5bb43faea.svg", "type": "costume", "tags": ["animals", "drawing", "flying", "vector"], "info": [150, 150]},
{"name": "butterfly3 ", "md5": "8907a43cf08b0a9134969023be2074c5.svg", "type": "costume", "tags": ["animals", "drawing", "flying", "vector"], "info": [150, 150]},
{"name": "calvrett jumping","md5":"82b2f97fec9083cad502a781fe88929b.png","type":"costume","tags":["people", "music-and-dance", "photo", "bitmap"],"info":[]},
{"name": "calvrett thinking","md5":"b8d2409e58b663020353c08fb029b7e6.png","type":"costume","tags":["people", "music-and-dance", "photo", "bitmap"],"info":[]},
{"name": "cassy-a", "md5": "db4e1ee1f9102e3da5e06f2d17881df5.png", "type": "costume", "tags": ["people", "music-and-dance", "city", "photo", "bitmap"], "info": [86, 200]},
{"name": "cassy-b", "md5": "2f6f57d1ab69fc18a38fd30572530437.png", "type": "costume", "tags": ["people", "music-and-dance", "city", "photo", "bitmap"], "info": [70, 200]},
{"name": "cassy-c", "md5": "662752d56bb77544f3e79ee8c16b3f2d.png", "type": "costume", "tags": ["people", "music-and-dance", "city", "photo", "bitmap"], "info": [140, 116]},
{"name": "cassy-d", "md5": "24e9dac390ae4e5b0c17e7d922eb033b.png", "type": "costume", "tags": ["people", "music-and-dance", "city", "photo", "bitmap"], "info": [144, 200]},
{"name": "cassy dance-a", "md5": "0fc2485e0365cb39781ef46985bd57b5.png", "type": "costume", "tags": ["people", "music-and-dance", "city", "photo", "bitmap"], "info": [354, 400]},
{"name": "cassy dance-b", "md5": "086dc4312d3bf4595d6b3fd4b1021b35.png", "type": "costume", "tags": ["people", "music-and-dance", "city", "photo", "bitmap"], "info": [248, 400]},
{"name": "cassy dance-c", "md5": "dffbfb382641655dbd698559ed49fd99.png", "type": "costume", "tags": ["people", "music-and-dance", "city", "photo", "bitmap"], "info": [134, 400]},
{"name": "cassy dance-d", "md5": "d0e98431c4744f684a13e8331d838203.png", "type": "costume", "tags": ["people", "music-and-dance", "city", "photo", "bitmap"], "info": [134, 388]},
{"name": "crab-a", "md5": "114249a5660f7948663d95de575cfd8d.svg", "type": "costume", "tags": ["animals", "drawing", "underwater", "vector"], "info": [150, 150]},
{"name": "crab-b", "md5": "9bf050664e68c10d2616e85f2873be09.svg", "type": "costume", "tags": ["animals", "drawing", "underwater", "vector"], "info": [150, 150]},
{"name": "creature1-a", "md5": "a560c6eab2e1de2462bdaeb1d698736c.svg", "type": "costume", "tags": ["fantasy", "holiday", "drawing", "vector"], "info": [131, 183]},
{"name": "creature1-b", "md5": "8042b71fc2ae322151c0a3a163701333.svg", "type": "costume", "tags": ["fantasy", "holiday", "drawing", "vector"], "info": [120, 182]},
{"name": "creature1-c", "md5": "e12a83c8f1c0545b59fe8673e9fac79c.svg", "type": "costume", "tags": ["fantasy", "holiday", "drawing", "vector"], "info": [121, 271]},
{"name": "dove1-a", "md5": "d3c0e0b41a1cc0076cab1134ef733f3b.svg", "type": "costume", "tags": ["animals", "holiday", "drawing", "vector"], "info": [143, 97]},
{"name": "dove1-b", "md5": "6d2ad979cf0536f03b3c189ae8658aee.svg", "type": "costume", "tags": ["animals", "holiday", "drawing", "vector"], "info": [146, 97]},
{"name": "dove2-a", "md5": "42251c2649a073052eb4261d644281bb.svg", "type": "costume", "tags": ["animals", "holiday", "drawing", "vector"], "info": [160, 82]},
{"name": "dove2-b", "md5": "469eb55a437364d831b80937c4ee1ab9.svg", "type": "costume", "tags": ["animals", "holiday", "drawing", "vector"], "info": [132, 82]},
{"name": "dan-a","md5":"1baa5b126e0e14d6070a997c0deefab5.png","type":"costume","tags":["people", "city", "photo", "bitmap"],"info":[]},
{"name": "dan-b","md5":"74be10ac815fd090cb42b92801002bb1.png","type":"costume","tags":["people", "city", "photo", "bitmap"],"info":[]},
{"name": "dinosaur1-a", "md5": "286094ffce382c8383519ab896711989.svg", "type": "costume", "tags": ["animals", "drawing", "vector"], "info": [159, 178]},
{"name": "dinosaur1-b", "md5": "d9eca17b8569f2cde20ef7d3ed0fe19f.svg", "type": "costume", "tags": ["animals", "drawing", "vector"], "info": [234, 159]},
{"name": "dinosaur1-c", "md5": "ade3d2ec5029693ecdcca17974bad5fd.svg", "type": "costume", "tags": ["animals", "drawing", "vector"], "info": [138, 189]},
{"name": "dinosaur1-d", "md5": "2aa7257a3e0a19ee315b23eaf7f56933.svg", "type": "costume", "tags": ["animals", "drawing", "vector"], "info": [101, 182]},
{"name": "dinosaur1-e", "md5": "ed46ee11478715f7596d01fb0f98aa3f.svg", "type": "costume", "tags": ["animals", "drawing", "vector"], "info": [173, 177]},
{"name": "dinosaur1-f", "md5": "39caf2473b1eee55edb688cfa3c240c7.svg", "type": "costume", "tags": ["animals", "drawing", "vector"], "info": [146, 161]},
{"name": "dinosaur1-g", "md5": "f0f2aa4e8e015de497050d8d44bbfbf1.svg", "type": "costume", "tags": ["animals", "drawing", "vector"], "info": [144, 152]},
{"name": "dinosaur2", "md5": "ae724a0a6d6e0a2b33dded4140219fb0.svg", "type": "costume", "tags": ["animals", "drawing", "vector"], "info": [150, 150]},
{"name": "dinosaur3", "md5": "79bb51bbf809b412147f2a196f8c9292.svg", "type": "costume", "tags": ["animals", "drawing", "vector"], "info": [150, 150]},
{"name": "diver1","md5":"853803d5600b66538474909c5438c8ee.svg","type":"costume","tags":["people", "underwater", "drawing", "vector"],"info":[]},
{"name": "diver2","md5":"248d3e69ada69a64b1077149ef6a931a.svg","type":"costume","tags":["people", "underwater", "drawing", "vector"],"info":[]},
{"name": "dog puppy", "md5": "1cf4fb213dc016c44a136a0ff27196ae.png", "type": "costume", "tags": ["animals", "photo", "bitmap"], "info": [208, 230]},
{"name": "dog1-a", "md5": "39ddefa0cc58f3b1b06474d63d81ef56.svg", "type": "costume", "tags": ["animals", "drawing", "walking", "vector"], "info": [154, 89]},
{"name": "dog1-b", "md5": "598f4aa3d8f671375d1d2b3acf753416.svg", "type": "costume", "tags": ["animals", "drawing", "walking", "vector"], "info": [154, 89]},
{"name": "dog2-a", "md5": "e921f865b19b27cd99e16a341dbf09c2.svg", "type": "costume", "tags": ["animals", "drawing", "walking", "vector"], "info": [127, 110]},
{"name": "dog2-b", "md5": "891f2fb7daf79ba8b224a9173eeb0a63.svg", "type": "costume", "tags": ["animals", "drawing", "walking", "vector"], "info": [127, 104]},
{"name": "dog2-c", "md5": "cd236d5eef4431dea82983ac9eec406b.svg", "type": "costume", "tags": ["animals", "drawing", "walking", "vector"], "info": [121, 109]},
{"name": "dove1-a", "md5": "6dde2b880ad6ddeaea2a53821befb86d.svg", "type": "costume", "tags": ["animals", "holiday", "flying", "drawing", "vector"], "info": [173, 118]},
{"name": "dove1-b", "md5": "1c0bc118044d7f6033bc9cd1ef555590.svg", "type": "costume", "tags": ["animals", "holiday", "flying", "drawing", "vector"], "info": [178, 118]},
{"name": "dragon1-a", "md5": "ee0082b436d6d5dc3de33047166e7bf2.svg", "type": "costume", "tags": ["fantasy", "drawing", "flying", "castle", "vector"], "info": [131, 122]},
{"name": "dragon1-b", "md5": "bb58ce36997fa205a86a085f202837fd.svg", "type": "costume", "tags": ["fantasy", "drawing", "flying", "castle", "vector"], "info": [168, 114]},
{"name": "duck", "md5": "c3baf7eedfbdac8cd1e4f1f1f779dc0c.svg", "type": "costume", "tags": ["animals", "drawing", "vector"], "info": [118, 122]},
{"name": "elephant-a ", "md5": "6c3e28fd8bd8cc6ea00502c58f7c2e72.svg", "type": "costume", "tags": ["animals", "drawing", "nature", "vector"], "info": [184, 118]},
{"name": "elephant-b ", "md5": "40a174c3bb31b4daccab6077c5d8106c.svg", "type": "costume", "tags": ["animals", "drawing", "nature", "vector"], "info": [190, 115]},
{"name": "fish1", "md5": "df78f8195f72372846d96dc70cb0ad95.svg", "type": "costume", "tags": ["animals", "drawing", "underwater", "vector"], "info": [137, 108]},
{"name": "fish2", "md5": "f3dd9cb79cce497a90900241cf726367.svg", "type": "costume", "tags": ["animals", "drawing", "underwater", "vector"], "info": [132, 116]},
{"name": "fish3", "md5": "aec949cefb15ddd1330f3b633734d4d3.svg", "type": "costume", "tags": ["animals", "drawing", "underwater", "vector"], "info": [122, 109]},
{"name": "football running","md5":"422b34b6e5a2fdb8d0ac00aca91ec714.png","type":"costume","tags":["people", "sports", "photo", "bitmap"],"info":[]},
{"name": "football standing","md5":"1f57154842f68aa55577edc90a6f2b32.png","type":"costume","tags":["people", "sports", "photo", "bitmap"],"info":[]},
{"name": "fox", "md5": "dd19959dc4d453813299f496124d50ff.svg", "type": "costume", "tags": ["animals", "drawing", "vector"], "info": [137, 128]},
{"name": "frog", "md5": "285483a688eed2ff8010c65112f99c41.svg", "type": "costume", "tags": ["animals", "drawing", "vector"], "info": [106, 67]},
{"name": "ghost1 ", "md5": "c88579c578f2d171de78612f2ff9c9d9.svg", "type": "costume", "tags": ["fantasy", "drawing", "castle", "vector"], "info": [145, 130]},
{"name": "ghost2-a", "md5": "607be245da950af1a4e4d79acfda46e3.svg", "type": "costume", "tags": ["fantasy", "drawing", "castle","vector"], "info": [141, 134]},
{"name": "ghost2-b", "md5": "b9e2ebbe17c617ac182abd8bc1627693.svg", "type": "costume", "tags": ["fantasy", "drawing", "castle","vector"], "info": [138, 141]},
{"name": "ghoul-a", "md5": "70ef3e78079cf4a1c9abf32b5d982b71.svg", "type": "costume", "tags": ["fantasy", "drawing", "castle","vector"], "info": [142, 136]},
{"name": "ghoul-b", "md5": "6e962f1248f7a7201eb24d376d804093.svg", "type": "costume", "tags": ["fantasy", "drawing", "castle","vector"], "info": [141, 139]},
{"name": "girl1-a", "md5": "afab2d2141e9811bd89e385e9628cb5f.svg", "type": "costume", "tags": ["people", "city", "drawing", "vector"], "info": [63, 200]},
{"name": "girl1-b", "md5": "1e0116c7c2e5e80c679d0b33f1f5cfb7.svg", "type": "costume", "tags": ["people", "city", "drawing", "vector"], "info": [64, 202]},
{"name": "girl1-c", "md5": "b6e23922f23b49ddc6f62f675e77417c.svg", "type": "costume", "tags": ["people", "city", "drawing", "vector"], "info": [65, 201]},
{"name": "girl1-d", "md5": "a65f99a152a9daa19add7987163d7b74.svg", "type": "costume", "tags": ["people", "city", "drawing", "vector"], "info": [63, 200]},
{"name": "girl2-a", "md5": "21393c9114c7d34b1df7ccd12c793672.svg", "type": "costume", "tags": ["people", "city", "drawing", "vector"], "info": [91, 192]},
{"name": "girl2-b", "md5": "cc55f2f09599edc4ae0876e8b3d187d0.svg", "type": "costume", "tags": ["people", "city", "drawing", "vector"], "info": [62, 192]},
{"name": "girl2 walking-a", "md5": "ed334e546806dfbf26d2591d7ddb12d0.svg", "type": "costume", "tags": ["people", "city", "walking", "drawing", "vector"], "info": [101, 192]},
{"name": "girl2 walking-b", "md5": "c295731e8666ad2e1575fb4b4f82988d.svg", "type": "costume", "tags": ["people", "city", "walking", "drawing", "vector"], "info": [48, 193]},
{"name": "girl2 walking-c", "md5": "597a834225c9949e419dff7db1bc2453.svg", "type": "costume", "tags": ["people", "city", "walking", "drawing", "vector"], "info": [97, 190]},
{"name": "girl2 walking-d", "md5": "ce9622d11d24607eec7988196b38c3c6.svg", "type": "costume", "tags": ["people", "city", "walking", "drawing", "vector"], "info": [47, 193]},
{"name": "girl3-a", "md5": "f5179c8da35affc8fd9ce744c943363d.png", "type": "costume", "tags": ["people", "city", "walking", "drawing", "bitmap"], "info": [138, 126]},
{"name": "girl3-b", "md5": "2dd2bbe715ee1a75638a0fbb35c5c837.png", "type": "costume", "tags": ["people", "city", "walking", "drawing", "bitmap"], "info": [48, 161]},
{"name": "girl3-c", "md5": "27a36765888576c7706f5e966c7687c6.png", "type": "costume", "tags": ["people", "city", "walking", "drawing", "bitmap"], "info": [171, 130]},
{"name": "girl4-a", "md5": "30cba84d30963961b450e7fa30e91cf1.png", "type": "costume", "tags": ["people", "city", "walking", "drawing", "bitmap"], "info": [69, 180]},
{"name": "girl4-b", "md5": "9b36dff7b1f894f5b1a484e5566f4ac3.png", "type": "costume", "tags": ["people", "city", "walking", "drawing", "bitmap"], "info": [84, 180]},
{"name": "girl5-a", "md5": "c4b108760af70fe22fe7aaadaa605fc1.png", "type": "costume", "tags": ["people", "city", "walking", "drawing", "bitmap"], "info": [87, 180]},
{"name": "girl5-b", "md5": "45a9e5d6a432b409107b6811608bc7af.png", "type": "costume", "tags": ["people", "city", "walking", "drawing", "bitmap"], "info": [101, 180]},
{"name": "girl6-a", "md5": "91099026e230aefbb412314d9fc9ad05.png", "type": "costume", "tags": ["people", "city", "walking", "drawing", "bitmap"], "info": [93, 172]},
{"name": "girl6-b", "md5": "8281d14f2f3478819e51bad719c19738.png", "type": "costume", "tags": ["people", "city", "walking", "drawing", "bitmap"], "info": [106, 172]},
{"name": "girl7", "md5": "5e10bce35183b7287702728023dbf6ca.gif", "type": "costume", "tags": ["people", "city", "walking", "drawing", "bitmap"], "info": [73, 139]},
{"name": "horse1-a", "md5": "32f4d80477cd070cb0848e555d374060.svg", "type": "costume", "tags": ["animals", "transportation", "vector", "drawing"], "info": [186, 140]},
{"name": "horse1-b", "md5": "ffa6431c5ef2a4e975ecffacdb0efea7.svg", "type": "costume", "tags": ["animals", "transportation", "vector", "drawing"], "info": [139, 156]},
{"name": "jay","md5":"cf32a87b2c9d7c2553f5a1ed17966504.gif","type":"costume","tags":["people", "music-and-dance", "city", "photo", "bitmap"],"info":[]},
{"name": "jodi","md5":"a8ae8b69caa6a837f49aa950055ef29a.gif","type":"costume","tags":["people", "sports", "photo", "bitmap"],"info":[]},
{"name": "knight", "md5": "f2c5e8bc24d001b81566879dbf2f1a13.svg", "type": "costume", "tags": ["fantasy", "drawing", "castle", "people", "vector"], "info": [150, 150]},
{"name": "ladybug2-a", "md5": "c018a3eed966d5f92c69f2188dfd2aae.svg", "type": "costume", "tags": ["animals", "drawing", "vector"], "info": [102, 61]},
{"name": "ladybug2-b", "md5": "a2bb15ace808e070a2b815502952b292.svg", "type": "costume", "tags": ["animals", "drawing", "vector"], "info": [102, 61]},
{"name": "ladybug2", "md5": "f16a1ccc69a4a8190a927f1595aa7bfa.svg", "type": "costume", "tags": ["animals", "drawing", "vector"], "info": [90, 92]},
{"name": "laptop", "md5": "76f456b30b98eeefd7c942b27b524e31.svg", "type": "costume", "tags": ["things", "drawing", "vector"], "info": [140, 81]},
{"name": "lion-a", "md5": "692a3c84366bf8ae4d16858e20e792f5.svg", "type": "costume", "tags": ["animals", "drawing", "vector"], "info": [144, 128]},
{"name": "lion-b", "md5": "a519ef168a345a2846d0201bf092a6d0.svg", "type": "costume", "tags": ["animals", "drawing", "vector"], "info": [141, 143]},
{"name": "lioness", "md5": "8b5f49d4f91f61fbdcb4abac53ab5c7c.svg", "type": "costume", "tags": ["animals", "drawing", "vector"], "info": [140, 93]},
{"name": "monkey1-a", "md5": "d0819570ed955416190eab2e020071ca.svg", "type": "costume", "tags": ["animals", "drawing","vector"], "info": [83, 127]},
{"name": "monkey1-b", "md5": "dc361fc5c8645e68c7bab9db3df6bc9d.svg", "type": "costume", "tags": ["animals", "drawing","vector"], "info": [96, 138]},
{"name": "monkey2-a", "md5": "6e4de762dbd52cd2b6356694a9668211.svg", "type": "costume", "tags": ["animals", "drawing","vector"], "info": [122, 173]},
{"name": "monkey2-b", "md5": "7662a3a0f4c6fa21fdf2de33bd80fe5f.svg", "type": "costume", "tags": ["animals", "drawing","vector"], "info": [122, 173]},
{"name": "monkey2-c", "md5": "db8eb50b948047181922310bb94511fb.svg", "type": "costume", "tags": ["animals", "drawing","vector"], "info": [122, 173]},
{"name": "mouse2", "md5": "78172ef7030a5834dd9157375ec7201a.svg", "type": "costume", "tags": ["animals", "drawing", "vector"], "info": [100, 60]},
{"name": "neigh pony", "md5": "176c4fb4df80df899ca28a48bd1f0edf.svg", "type": "costume", "tags": ["animals", "fantasy", "drawing", "vector", "vector"], "info": [148, 155]},
{"name": "octopus-a", "md5": "bb68d2e29d8572ef9de06f8033e668d9.svg", "type": "costume", "tags": ["animals", "drawing", "vector", "underwater"], "info": [141, 145]},
{"name": "octopus-b", "md5": "b52bd3bc12553bb31b1395516c3cec4d.svg", "type": "costume", "tags": ["animals", "drawing", "vector", "underwater"], "info": [137, 136]},
{"name": "parrot-a", "md5": "098570b8e1aa85b32f9b4eb07bea3af2.svg", "type": "costume", "tags": ["animals", "drawing", "flying", "nature", "vector"], "info": [171, 143]},
{"name": "parrot-b", "md5": "721255a0733c9d8d2ba518ff09b3b7cb.svg", "type": "costume", "tags": ["animals", "drawing", "flying", "nature", "vector"], "info": [132, 135]},
{"name": "paul","md5":"4092b43b067ef01ce76a395637fe020a.gif","type":"costume","tags":["people", "city", "photo", "bitmap"],"info":[]},
{"name": "penguin1", "md5": "c17d9e4bdb59c574e0c34aa70af516da.svg", "type": "costume", "tags": ["animals", "drawing", "vector"], "info": [109, 125]},
{"name": "penguin1 talk-a", "md5": "35fec7aa5f60cca945fe0615413f1f08.svg", "type": "costume", "tags": ["animals", "drawing", "vector"], "info": [96, 124]},
{"name": "penguin1 talk-b", "md5": "18fa51a64ebd5518f0c5c465525346e5.svg", "type": "costume", "tags": ["animals", "drawing", "vector"], "info": [94, 125]},
{"name": "penguin2", "md5": "eaaaa7068e78a51d73ba437f1ec5763e.svg", "type": "costume", "tags": ["animals", "drawing", "vector"], "info": [99, 158]},
{"name": "penguin2 talk-a", "md5": "5a80f4b2fd20d43e4f7cb4189c08d99c.svg", "type": "costume", "tags": ["animals", "drawing", "vector"], "info": [90, 158]},
{"name": "penguin2 talk-b", "md5": "394e79f5f9a462064ece2a9a6606a07d.svg", "type": "costume", "tags": ["animals", "drawing", "vector"], "info": [101, 156]},
{"name": "penguin3-a", "md5": "3f1173e00f664fca5f493b408e1e6d69.svg", "type": "costume", "tags": ["animals", "holiday", "drawing", "vector"], "info": [124, 197]},
{"name": "penguin3-b", "md5": "814c2ea372e64b98d5de97b75773f54b.svg", "type": "costume", "tags": ["animals", "holiday", "drawing", "vector"], "info": [113, 194]},
{"name": "penguin3-c", "md5": "e28cd8b76b23db393d06c3a057e2dc68.svg", "type": "costume", "tags": ["animals", "holiday", "drawing", "vector"], "info": [123, 197]},
{"name": "prince","md5":"a760bed1cfc28a30b2dc7fd045c90792.svg","type":"costume","tags":["people", "fantasy", "castle", "drawing", "vector"],"info":[]},
{"name": "princess","md5":"75c96829e4b9f89378dfde0dee78db5f.svg","type":"costume","tags":["people", "fantasy", "castle", "drawing", "vector"],"info":[]},
{"name": "referee","md5":"b510bc924622795216154727e18dd38e.gif","type":"costume","tags":["people", "sports", "photo", "bitmap"],"info":[]},
{"name": "reindeer", "md5": "0fff0b181cc4d9250b5b985cc283b049.svg", "type": "costume", "tags": ["holiday", "drawing", "vector"], "info": [79, 139]},
{"name": "robot1", "md5": "882919259f26462d74106e11d7c7e5c0.svg", "type": "costume", "tags": ["fantasy", "drawing", "space", "vector"], "info": [150, 150]},
{"name": "sam","md5":"1d33952fec0abe4ef6adee9fd065d3a8.gif","type":"costume","tags":["people", "city", "photo", "bitmap"],"info":[]},
{"name": "shark-a ", "md5": "7c0a907eae79462f69f8e2af8e7df828.svg", "type": "costume", "tags": ["animals", "drawing", "underwater", "vector"], "info": [150, 150]},
{"name": "shark-b ", "md5": "cff9ae87a93294693a0650b38a7a33d2.svg", "type": "costume", "tags": ["animals", "drawing", "underwater", "vector"], "info": [150, 150]},
{"name": "shark-c ", "md5": "afeae3f998598424f7c50918507f6ce6.svg", "type": "costume", "tags": ["animals", "drawing", "underwater", "vector"], "info": [147, 69]},
{"name": "singer1", "md5": "e47ef1af3b925e5ac9e3b3f809d440b3.svg", "type": "costume", "tags": ["people", "music-and-dance", "drawing", "vector"], "info": [71, 138]},
{"name": "snowman", "md5": "56c71c31c17b9bc66a2aab0342cf94b2.svg", "type": "costume", "tags": ["fantasy", "holiday", "drawing", "vector"], "info": [150, 150]},
{"name": "squirrel1", "md5": "7e24c99c1b853e52f8e7f9004416fa34.png", "type": "costume", "tags": ["animals", "bitmap", "photo"], "info": [316, 294]},
{"name": "starfish-a", "md5": "3d1101bbc24ae292a36356af325f660c.svg", "type": "costume", "tags": ["animals", "drawing", "underwater", "vector"], "info": [150, 150]},
{"name": "starfish-b ", "md5": "ad8007f4e63693984d4adc466ffa3ad2.svg", "type": "costume", "tags": ["animals", "drawing", "underwater", "vector"], "info": [136, 139]},
{"name": "unicorn", "md5": "a04def38351e7fd805226345cac4fbfe.svg", "type": "costume", "tags": ["fantasy", "drawing", "castle", "vector"], "info": [150, 150]},
{"name": "witch", "md5": "c991196a708294535a1dbdce7189c23c.svg", "type": "costume", "tags": ["people", "fantasy", "castle", "drawing", "vector"], "info": [145, 114]},
{"name": "wizard", "md5": "4df1dd733f6ee4a2d8842478ac2c4661.svg", "type": "costume", "tags": ["people", "fantasy", "castle", "drawing", "vector"], "info": [146, 135]}, 
{"name": "wizard boy", "md5": "6db4d9e4229dc50a1b1c91c3c8311d40.svg", "type": "costume", "tags": ["people", "fantasy", "castle", "drawing", "vector"], "info": [139, 187]},
{"name": "wizard girl", "md5": "e085c97691d16f0cc8a595ce1137e26c.svg", "type": "costume", "tags": ["people", "fantasy", "castle", "drawing", "vector"], "info": [161, 182]},
{"name": "woman waving","md5":"450bc8fbd5ab6bc2e83576aad58cd07c.svg","type":"costume","tags":["people", "city", "drawing", "vector"],"info":[]},
{"name": "airplane2", "md5": "58bcb130f226bda9017f1a443360a78a.png", "type": "costume", "tags": ["transportation", "flying", "city", "photo", "bitmap"], "info": [200, 64]},
{"name": "apple", "md5": "831ccd4741a7a56d85f6698a21f4ca69.svg", "type": "costume", "tags": ["things", "drawing", "vector"], "info": [63, 64]},
{"name": "arrow1-a", "md5": "fe5a9881cd6b122683c173e45527f4bc.svg", "type": "costume", "tags": ["things", "drawing", "vector"], "info": [57, 47]},
{"name": "arrow1-b", "md5": "c570fdbde334b1176afa1811a22cc87d.svg", "type": "costume", "tags": ["things", "drawing", "vector"], "info": [57, 47]},
{"name": "arrow1-c", "md5": "b3dc0daa531803069efebc471351160c.svg", "type": "costume", "tags": ["things", "drawing", "vector"], "info": [47, 57]},
{"name": "arrow1-d", "md5": "b4b22d510e916a6e9c1f9d6b9cd2ca6e.svg", "type": "costume", "tags": ["things", "drawing", "vector"], "info": [47, 57]},
{"name": "arrow2-a", "md5": "98700c972e1fea164a92fc2589457382.svg", "type": "costume", "tags": ["things", "drawing", "vector"], "info": [55, 46]},
{"name": "arrow2-b", "md5": "4b6412e840fbc94e3626e493ff44f99a.svg", "type": "costume", "tags": ["things", "drawing", "vector"], "info": [55, 46]},
{"name": "arrow2-c", "md5": "7ea88c6510d7824c7f58f4d386c9d2fd.svg", "type": "costume", "tags": ["things", "drawing", "vector"], "info": [46, 55]},
{"name": "arrow2-d", "md5": "9ad7b0b0fcd209558ef72cdf6d5553e4.svg", "type": "costume", "tags": ["things", "drawing", "vector"], "info": [46, 55]},
{"name": "bananas", "md5": "40bb8a1afe88cec78254f6fcfee98242.svg", "type": "costume", "tags": ["things", "drawing", "vector"], "info": [123, 120]},
{"name": "baseball", "md5": "6e13ef53885d2cfca9a54cc5c3f6c20f.svg", "type": "costume", "tags": ["things", "sports", "drawing", "vector"], "info": [107, 111]}, 
{"name": "basketball", "md5": "ac3432618ac868309f502024aa78423c.svg", "type": "costume", "tags": ["things", "sports", "drawing", "vector"], "info": [76, 76]},
{"name": "beachball", "md5": "87d64cab74c64b31498cc85f07510ee4.svg", "type": "costume", "tags": ["things", "sports", "drawing", "vector"], "info": [69, 66]},
{"name": "bell1", "md5": "f35056c772395455d703773657e1da6e.svg", "type": "costume", "tags": ["things", "holiday", "drawing", "vector"], "info": [85, 86]},
{"name": "bells-a", "md5": "1f151bee966df3f0c41138941713280e.svg", "type": "costume", "tags": ["things", "holiday", "drawing", "vector"], "info": [101, 94]},
{"name": "bells-b", "md5": "5b3879a162881aed93169bf0a6680f45.svg", "type": "costume", "tags": ["things", "holiday", "drawing", "vector"], "info": [95, 75]},
{"name": "bus", "md5": "66895930177178ea01d9e610917f8acf.png", "type": "costume", "tags": ["transportation", "city", "photo", "bitmap"], "info": [240, 70]},
{"name": "button1", "md5": "7ef67c5bc8cf7df64fdb3b1d6b250f71.svg", "type": "costume", "tags": ["things", "drawing", "vector"], "info": [83, 83]},
{"name": "button2-a", "md5": "c0051ff23e9aae78295964206793c1e3.svg", "type": "costume", "tags": ["things", "drawing", "vector"], "info": [120, 53]},
{"name": "button2-b", "md5": "712a561dc0ad66e348b8247e566b50ef.svg", "type": "costume", "tags": ["things", "drawing", "vector"], "info": [121, 53]},
{"name": "button3-a", "md5": "ffb2a9c21084c58fdb677c8d12a97519.svg", "type": "costume", "tags": ["things", "drawing", "vector"], "info": [91, 55]},
{"name": "button3-b", "md5": "7a9ccb55e4da36f48811ab125d2492e0.svg", "type": "costume", "tags": ["things", "drawing", "vector"], "info": [91, 55]},
{"name": "button4-a", "md5": "8782b457cdf4a10ca016ff1ec0c744ef.svg", "type": "costume", "tags": ["things", "drawing", "vector"], "info": [72, 60]},
{"name": "button4-b", "md5": "840f4ef01849e459fd84f5470a3b0080.svg", "type": "costume", "tags": ["things", "drawing", "vector"], "info": [72, 60]},
{"name": "button5-a", "md5": "71e97245b7be4fd6fe3ba8cdeecadaf1.svg", "type": "costume", "tags": ["things", "drawing", "vector"], "info": [57, 58]},
{"name": "button5-b", "md5": "54cd55512f7571060e6e64168e541222.svg", "type": "costume", "tags": ["things", "drawing", "vector"], "info": [61, 62]},
{"name": "candle1-a", "md5": "9bb90825b1d7c360aa47ee18883cd3cd.svg", "type": "costume", "tags": ["things", "holiday", "drawing", "vector"], "info": [22, 126]},
{"name": "candle1-b", "md5": "4f2ab7fc559ecbbc61721f76639a4e44.svg", "type": "costume", "tags": ["things", "holiday", "drawing", "vector"], "info": [22, 126]},
{"name": "candles1", "md5": "b8432a2c0d04408b3ba58ec3b01582f0.svg", "type": "costume", "tags": ["things", "holiday", "drawing", "vector"], "info": [101, 74]},
{"name": "candles2", "md5": "76a9de5efb140fe287dc0f197a0e8d4c.svg", "type": "costume", "tags": ["things", "holiday", "drawing", "vector"], "info": [110, 103]},
{"name": "car-bug", "md5": "c0b7d099a815f58ff6d92538856f08c1.png", "type": "costume", "tags": ["transportation", "city", "photo", "bitmap"], "info": [200, 78]},
{"name": "cheesy-puffs", "md5": "4c99a77ba72abaf6c961e8684f8a8a9f.png", "type": "costume", "tags": ["things", "photo", "bitmap"], "info": [176, 144]},
{"name": "convertible1", "md5": "099953d710d842e592084765c17bda82.png", "type": "costume", "tags": ["transportation", "city", "drawing", "bitmap"], "info": [220, 55]},
{"name": "convertible2", "md5": "2091f1f3fc578189bced6b257f353995.png", "type": "costume", "tags": ["transportation", "city", "drawing", "bitmap"], "info": [180, 44]},
{"name": "convertible3", "md5": "b6ac3c9e1789cba2302d2ef82d62d019.svg", "type": "costume", "tags": ["transportation", "city", "drawing", "vector"], "info": [141, 47]},
{"name": "donut", "md5": "9e7b4d153421dae04a24571d7e079e85.svg", "type": "costume", "tags": ["things", "drawing", "vector"], "info": [113, 66]},
{"name": "drum1", "md5": "082f46f50131ec3d19e6ccd887d2c73a.svg", "type": "costume", "tags": ["things", "music-and-dance", "drawing", "vector"], "info": [138, 119]},
{"name": "drum2", "md5": "c60c94d8719d978bed74b4ac65ae35cb.svg", "type": "costume", "tags": ["things", "music-and-dance", "drawing", "vector"], "info": [136, 118]},
{"name": "earth", "md5": "814197522984a302972998b1a7f92d91.svg", "type": "costume", "tags": ["things", "space", "drawing", "vector"], "info": [87, 81]},
{"name": "fire hydrant", "md5": "5542c53bb0ba87b39eba6ff743b8115c.png", "type": "costume", "tags": ["things", "photo", "bitmap"], "info": [80, 166]},
{"name": "flower shape", "md5": "7905272bf89ee61cd9d3680a67732815.svg", "type": "costume", "tags": ["things", "drawing", "vector"], "info": [78, 83]},
{"name": "fortunecookie", "md5": "d47f0be24acf78130af2e03572a3f9d3.png", "type": "costume", "tags": ["things", "photo", "bitmap"], "info": [60, 62]},
{"name": "fruit_platter", "md5": "c6e2f673debcff91de8e3749ddf674b9.png", "type": "costume", "tags": ["things", "photo", "bitmap"], "info": [150, 80]},
{"name": "fruitsalad", "md5": "dbf8cc34f7ca18b4a008d2890dba56b7.svg", "type": "costume", "tags": ["things", "drawing", "vector"], "info": [95, 71]},
{"name": "gift-a", "md5": "abeae2217b3ce67b1ff761cd7a89274d.svg", "type": "costume", "tags": ["things", "holiday", "drawing", "vector"], "info": [71, 67]},
{"name": "gift-b", "md5": "5cae973c98f2d98b51e6c6b3c9602f8c.svg", "type": "costume", "tags": ["things", "holiday", "drawing", "vector"], "info": [72, 67]},
{"name": "hat3", "md5": "6c2ee1b97f6ec2b3457a25a3975a2009.svg", "type": "costume", "tags": ["things", "holiday", "drawing", "vector"], "info": [51, 57]},
{"name": "holly1", "md5": "1d8583ca1b5c687f3de004c27110a130.svg", "type": "costume", "tags": ["things", "holiday", "drawing", "vector"], "info": [53, 59]},
{"name": "holly2", "md5": "4b23f1d694ae8b400f1d7216dd8e49bc.svg", "type": "costume", "tags": ["things", "holiday", "drawing", "vector"], "info": [52, 58]},
{"name": "helicopter", "md5": "8847e2d3383906dbabbf7ffa98945a7b.png", "type": "costume", "tags": ["transportation", "flying", "city", "drawing", "bitmap"], "info": [180, 128]},
{"name": "home button", "md5": "1bac530a0701a8fc88bb0802ae6787a3.svg", "type": "costume", "tags": ["things", "drawing", "vector"], "info": [70, 62]},
{"name": "key", "md5": "af35300cef35803e11f4ed744dc5e818.svg", "type": "costume", "tags": ["things", "drawing", "vector"], "info": [81, 51]},
{"name": "lamp", "md5": "4885678710301cda511018ad7e420c9c.png", "type": "costume", "tags": ["things", "photo", "bitmap"], "info": [50, 83]},
{"name": "laptop", "md5": "76f456b30b98eeefd7c942b27b524e31.svg", "type": "costume", "tags": ["things", "drawing", "vector"], "info": [140, 81]},
{"name": "lightning", "md5": "c2d636ab2b491e591536afc3d49cbecd.svg", "type": "costume", "tags": ["things", "castle", "nature", "drawing", "vector"], "info": [63, 249]},
{"name": "magiccarpet", "md5": "66b74069378c828cb21d2dbe2227a31a.png", "type": "costume", "tags": ["transportation", "things", "fantasy", "flying", "castle", "drawing", "bitmap"], "info": [180, 63]},
{"name": "magicwand", "md5": "3db9bfe57d561557795633c5cda44e8c.svg", "type": "costume", "tags": ["things", "castle", "drawing", "vector"], "info": [137, 61]},
{"name": "marble-building", "md5": "53608adfaea6e927dc11b53f604e2a1e.png", "type": "costume", "tags": ["things", "photo", "bitmap"], "info": [100, 136]},
{"name": "microphone", "md5": "c7a4d18ce227518064e89a4904b7918e.svg", "type": "costume", "tags": ["things", "music-and-dance", "drawing", "vector"], "info": [37, 84]},
{"name": "microphonestand", "md5": "fe85f2d5a94d27b6d793361c3fddcf77.svg", "type": "costume", "tags": ["things", "music-and-dance", "drawing", "vector"], "info": [172, 167]},
{"name": "muffin-a", "md5": "e00161f08c77d10e72e44b6e01243e63.svg", "type": "costume", "tags": ["things", "drawing", "vector"], "info": [82, 69]},
{"name": "muffin-b", "md5": "fb60c3f8d6a892813299daa33b91df23.svg", "type": "costume", "tags": ["things", "drawing", "vector"], "info": [82, 69]},
{"name": "orange", "md5": "780ee2ef342f79a81b4c353725331138.svg", "type": "costume", "tags": ["things", "drawing", "vector"], "info": [38, 36]},
{"name": "orange2-a", "md5": "c275e67171eaa8ccac763ffae411c84b.svg", "type": "costume", "tags": ["things", "drawing", "vector"], "info": [93, 79]},
{"name": "orange2-b", "md5": "49706264f87cf670a839e6eea4ad148e.svg", "type": "costume", "tags": ["things", "drawing", "vector"], "info": [93, 81]},
{"name": "orange2-c", "md5": "a33287007868ab4da31e5410842cabd3.svg", "type": "costume", "tags": ["things", "drawing", "vector"], "info": [93, 86]},
{"name": "palmtree", "md5": "6d9c18c296edc8a01e4c611b573b5723.gif", "type": "costume", "tags": ["things", "nature", "photo", "bitmap"], "info": [116, 200]},
{"name": "partyhat1", "md5": "70a7f535d8857cf9175492415361c361.svg", "type": "costume", "tags": ["things", "holiday", "drawing", "vector"], "info": [72, 78]},
{"name": "partyhat2", "md5": "9b7a84fe3e50621752917e4e484a1e2f.svg", "type": "costume", "tags": ["things", "holiday", "drawing", "vector"], "info": [45, 65]},
{"name": "pencil-a", "md5": "4495fcb0443cebc5d43e66243a88f1ac.svg", "type": "costume", "tags": ["things", "drawing", "vector"], "info": [102, 121]},
{"name": "pencil-b", "md5": "21088922dbe127f6d2e58e2e83fb632e.svg", "type": "costume", "tags": ["things", "drawing", "vector"], "info": [114, 134]},
{"name": "planet2", "md5": "978784738c1d9dd4b1d397fd18bdf406.svg", "type": "costume", "tags": ["things", "space", "drawing", "vector"], "info": [103, 50]},
{"name": "rocks", "md5": "9e302c9d9a1c6601f33707910fceb878.svg", "type": "costume", "tags": ["things", "nature", "drawing", "vector"], "info": [187, 116]},
{"name": "sail-boat", "md5": "8f8d0ea2f0ab5ca533f33f0da1eecfa6.png", "type": "costume", "tags": ["transportation", "photo", "bitmap"], "info": [225, 183]},
{"name": "scarf", "md5": "9db18d2a2b3c9859654fc1b4832e6076.svg", "type": "costume", "tags": ["things", "holiday", "drawing", "vector"], "info": [89, 75]},
{"name": "skates", "md5": "00e5e173400662875a26bb7d6556346a.svg", "type": "costume", "tags": ["things", "holiday", "drawing", "vector"], "info": [78, 38]},
{"name": "snowflake", "md5": "67de2af723246de37d7379b76800ee0b.svg", "type": "costume", "tags": ["things", "holiday", "drawing", "vector"], "info": [201, 201]},
{"name": "soccer ball", "md5": "4e4cc84380ccf6d4e59e53bc6d3a0a3f.svg", "type": "costume", "tags": ["things", "sports", "drawing", "vector"], "info": [116, 114]},
{"name": "spaceship-a", "md5": "028b6d5210a4a94d5cd3d2001fd3d74d.svg", "type": "costume", "tags": ["transportation", "things", "space", "fantasy", "drawing", "vector"], "info": [112, 184]},
{"name": "spaceship-b", "md5": "55e3d48245934393402ab214c122ed8f.svg", "type": "costume", "tags": ["transportation", "things", "space", "fantasy", "drawing", "vector"], "info": [115, 175]},
{"name": "star1", "md5": "ab0914e53e360477275e58b83ec4d423.svg", "type": "costume", "tags": ["things", "holiday", "drawing", "vector"], "info": [45, 44]},
{"name": "star2", "md5": "0a0ef50bb5a59be1785c8bb12cdacae6.svg", "type": "costume", "tags": ["things", "holiday", "drawing", "vector"], "info": [50, 53]},
{"name": "star3-a", "md5": "04da262057dfe130860086031e5018ef.svg", "type": "costume", "tags": ["things", "holiday", "drawing", "vector"], "info": [107, 109]},
{"name": "star3-b", "md5": "a082be13c0e5d17230f448dd55029a7d.svg", "type": "costume", "tags": ["things", "holiday", "drawing", "vector"], "info": [66, 67]},
{"name": "street-cleaner-mit", "md5": "e3699b3f2f7d67a9f48ea9b71fd3733a.png", "type": "costume", "tags": ["transportation","city", "photo", "bitmap"], "info": [200, 118]},
{"name": "sun", "md5": "55c931c65456822c0c56a2b30e3e550d.svg", "type": "costume", "tags": ["things", "space", "nature", "drawing", "vector"], "info": [131, 98]},
{"name": "sunglasses1", "md5": "424393e8705aeadcfecb8559ce4dcea2.svg", "type": "costume", "tags": ["things", "drawing", "vector"], "info": [72, 26]},
{"name": "sunglasses2", "md5": "3185d2295bbf2c5ebd0688c9e4f13076.svg", "type": "costume", "tags": ["things", "drawing", "vector"], "info": [58, 18]},
{"name": "tennisball", "md5": "38d3048bf7ec9f4ec3fd24dc38a03eea.png", "type": "costume", "tags": ["things", "sports", "photo", "bitmap"], "info": [30, 30]},
{"name": "trampoline", "md5": "20b16bcb61396df304cad5e8886ceb46.png", "type": "costume", "tags": ["things", "sports", "photo", "bitmap"], "info": [200, 83]},
{"name": "tree", "md5": "d4cafdb83f5ff518383f7174817243e6.svg", "type": "costume", "tags": ["things", "holiday", "nature", "drawing", "vector"], "info": [163, 209]},
{"name": "tree-lights-a", "md5": "177682396be2961367a50289a5552314.svg", "type": "costume", "tags": ["things", "holiday", "drawing", "vector"], "info": [116, 153]},
{"name": "tree-lights-b", "md5": "b0282c029046fd1ed0541675911fe8bb.svg", "type": "costume", "tags": ["things", "holiday", "drawing", "vector"], "info": [116, 151]},
{"name": "umbrella", "md5": "2ae6d0c3a8cb500e63c11a95eee80fa7.png", "type": "costume", "tags": ["things", "photo", "bitmap"], "info": [170, 125]},
{"name": "watermelon-a", "md5": "26fecef75cf3b6e0d98bff5c06475036.svg", "type": "costume", "tags": ["things", "vector", "drawing"], "info": [81, 56]},
{"name": "watermelon-b", "md5": "fbdaf4d1d349edd3ddf3a1c4528aa9ec.svg", "type": "costume", "tags": ["things", "vector", "drawing"], "info": [46, 56]},
{"name": "watermelon-c", "md5": "5976c10412306fc093c1d1930fa05119.svg", "type": "costume", "tags": ["things", "vector", "drawing"], "info": [43, 31]},
{"name": "wizard hat", "md5": "581571e8c8f5adeb01565e12b1b77b58.svg", "type": "costume", "tags": ["things", "fantasy", "castle", "drawing", "vector"], "info": [111, 130]},

{"name":"afro string","md5":"3477ccfde26047eeb93ff43a21ac7d3d.wav","type":"sound","tags":["instruments"],"info":[0.89]},
{"name":"alien creak1","md5":"0377a7476136e5e8c780c64a4828922d.wav","type":"sound","tags":["electronic"],"info":[0.73]},
{"name":"alien creak2","md5":"21f82b7f1a83c501539c5031aea4fa8c.wav","type":"sound","tags":["electronic"],"info":[0.753]},
{"name":"beat box1","md5":"663270af0235bf14c890ba184631675f.wav","type":"sound","tags":["vocals"],"info":[0.52]},
{"name":"beat box2","md5":"b9b8073f6aa9a60085ad11b0341a4af2.wav","type":"sound","tags":["vocals"],"info":[0.52]},
{"name":"bell toll","md5":"25d61e79cbeba4041eebeaebd7bf9598.wav","type":"sound","tags":["effects"],"info":[4.097]},
{"name":"bird","md5":"18bd4b634a3f992a16b30344c7d810e0.wav","type":"sound","tags":["animal"],"info":[0.348]},
{"name":"birthday", "md5": "e8df0951694293fe17850260b4d12734.wav", "type": "sound", "tags": ["music-loops"], "info": [7.576]},
{"name":"birthday bells", "md5": "89691587a169d935a58c48c3d4e78534.wav", "type": "sound", "tags": ["music-loops"], "info": [7.32]},
{"name":"bubbles","md5":"78b0be9c9c2f664158b886bc7e794095.wav","type":"sound","tags":["effects"],"info":[4.087]},
{"name":"buzz whir", "md5": "d4f76ded6bccd765958d15b63804de55.wav", "type": "sound", "tags": ["electronic"], "info": [0.82]},
{"name":"car passing","md5":"c21a5ad00b40b5ce923e56c905c94a9f.wav","type":"sound","tags":["effects"],"info":[7.709]},
{"name":"cave","md5":"881f1bf5f301a36efcce4204a44af9ab.wav","type":"sound","tags":["music-loops"],"info":[7.4]},
{"name":"chomp", "md5": "0b1e3033140d094563248e61de4039e5.wav", "type": "sound", "tags": ["animal", "effects"], "info": [0.264]},
{"name":"chord","md5":"7ffe91cce06c5415df53610d173336e7.wav","type":"sound","tags":["instruments"],"info":[1.869]},
{"name":"computer beeps1","md5":"1da43f6d52d0615da8a250e28100a80d.wav","type":"sound","tags":["electronic"],"info":[1.741]},
{"name":"computer beeps2","md5":"28c76b6bebd04be1383fe9ba4933d263.wav","type":"sound","tags":["electronic"],"info":[0.865]},
{"name":"cough-female","md5":"98ec3e1eeb7893fca519aa52cc1ef3c1.wav","type":"sound","tags":["human"],"info":[0.682]},
{"name":"cough-male","md5":"467fe8ef3cab475af4b3088fd1261510.wav","type":"sound","tags":["human"],"info":[0.753]},
{"name":"cricket","md5":"a2b3cac37065c109aac17ed46005445e.wav","type":"sound","tags":["animal"],"info":[0.167]},
{"name":"crickets","md5":"cae6206eb3c57bb8c4b3e2ca362dfa6d.wav","type":"sound","tags":["animal"],"info":[4.18]},
{"name":"cymbal", "md5": "7c5405a9cf561f65a941aff10e661593.wav", "type": "sound", "tags": ["percussion"], "info": [1.094]},
{"name":"cymbal crash","md5":"fa2c9da1d4fd70207ab749851853cb50.wav","type":"sound","tags":["percussion"],"info":[1.144]},
{"name":"dance celebrate", "md5": "0edb8fb88af19e6e17d0f8cf64c1d136.wav", "type": "sound", "tags": ["music-loops"], "info": [8]},
{"name":"dance chill out", "md5": "b235da45581b1f212c9e9cce70d2a2dc.wav", "type": "sound", "tags": ["music-loops"], "info": [10.105]},
{"name":"dance funky", "md5": "a8383eaddc02d33714dc5832c02ccf13.wav", "type": "sound", "tags": ["music-loops"], "info": [5.053]},
{"name":"dance head nod", "md5": "65e8a47d55df3f4cb17722959f6220db.wav", "type": "sound", "tags": ["music-loops"], "info": [5.647]},
{"name":"dance slow mo", "md5": "329ee6f3418c0a569418e102e620edf0.wav", "type": "sound", "tags": ["music-loops"], "info": [20.211]},
{"name":"dance snare beat", "md5": "562587bdb75e3a8124cdaa46ba0f648b.wav", "type": "sound", "tags": ["music-loops"], "info": [8]},
{"name":"dance space", "md5": "e15333f5ffaf08e145ace1610fccd67d.wav", "type": "sound", "tags": ["music-loops"], "info": [4]},
{"name":"dog1","md5":"b15adefc3c12f758b6dc6a045362532f.wav","type":"sound","tags":["animal"],"info":[0.167]},
{"name":"dog2","md5":"cd8fa8390b0efdd281882533fbfcfcfb.wav","type":"sound","tags":["animal"],"info":[0.144]},
{"name":"door creak","md5":"56985da9c052a5e26007c99aa5a958f7.wav","type":"sound","tags":["effects"],"info":[4.923]},
{"name":"drip drop","md5":"3249e61fa135d0a1d68ff515ba3bd92f.wav","type":"sound","tags":["music-loops"],"info":[2.8]},
{"name":"drum buzz","md5":"3650dc4262bcc5010c0d8fa8d7c670cf.wav","type":"sound","tags":["percussion"],"info":[0.521]},
{"name":"drum machine","md5":"f9d53d773b42e16df3dfca6174015592.wav","type":"sound","tags":["music-loops"],"info":[4.8]},
{"name":"drum set1","md5":"38a2bb8129bddb4e8eaa06781cfa3040.wav","type":"sound","tags":["music-loops"],"info":[2.1]},
{"name":"drum set2","md5":"738e871fda577295e8beb9021f670e28.wav","type":"sound","tags":["music-loops"],"info":[1.7]},
{"name":"drum","md5":"f730246174873cd4ae4127c83e475b50.wav","type":"sound","tags":["music-loops"],"info":[4.9]},
{"name":"duck","md5":"af5b039e1b05e0ccb12944f648a8884e.wav","type":"sound","tags":["animal"],"info":[0.263]},
{"name":"eggs","md5":"659de1f3826ece8dbeca948884835f14.wav","type":"sound","tags":["music-loops"],"info":[15.3]},
{"name":"fairydust","md5":"b92de59d992a655c1b542223a784cda6.wav","type":"sound","tags":["effects","electronic"],"info":[0.51]},
{"name":"finger snap","md5":"99d02ffb3212d86b3e5b173b6f33f835.wav","type":"sound","tags":["human"],"info":[0.18]},
{"name":"footsteps-1","md5":"c893b0a9b3e2e0594f1f921a12aa66be.wav","type":"sound","tags":["human"],"info":[5.341]},
{"name":"garden","md5":"7c25f6d39011cd2ee5ffb1af539d9d0c.wav","type":"sound","tags":["music-loops"],"info":[16.8]},
{"name":"gong","md5":"9d30c38443691e9626d510546d98327c.wav","type":"sound","tags":["effects"],"info":[10.379]},
{"name":"goose","md5":"16a3b9d516e125cdb2ad74cd8d205d71.wav","type":"sound","tags":["animal"],"info":[0.372]},
{"name":"guitar chords1","md5":"2b1a5bc63580d8625cf24ff3d7622c0b.wav","type":"sound","tags":["music-loops"],"info":[5.6]},
{"name":"guitar chords2","md5":"e956f15da397a13fae0c90d9fe4571fb.wav","type":"sound","tags":["music-loops"],"info":[7.2]},
{"name":"guitar strum","md5":"29000fa713f70765147ee0551fa42d9e.wav","type":"sound","tags":["instruments"],"info":[2.287]},
{"name":"hand clap","md5": "9502142875e67f7b0292a117a27e9563.wav", "type": "sound", "tags": ["percussion", "effects"], "info": [0.112]},
{"name":"hey","md5": "ec7c272faa862c9f8f731792e686e3c9.wav", "type": "sound", "tags": ["percussion", "vocals"], "info": [0.246]},
{"name":"high hat","md5": "0d91b2759ac861d156235f5ecf8d3218.wav", "type": "sound", "tags": ["percussion"], "info": [0.125]},
{"name":"hip hop","md5":"7ed8ce1853bde6dcbc6f7f5a1c65ae47.wav","type":"sound","tags":["music-loops"],"info":[4.9]},
{"name":"horse gallop","md5":"058a34b5fb8b57178b5322d994b6b8c8.wav","type":"sound","tags":["animal"],"info":[3.477]},
{"name":"horse","md5":"45ffcf97ee2edca0199ff5aa71a5b72e.wav","type":"sound","tags":["animal"],"info":[1.312]},
{"name":"human beatbox1","md5":"37f37455c35fea71449926eb0bff05dd.wav","type":"sound","tags":["music-loops"],"info":[4.7]},
{"name":"human beatbox2","md5":"f62e9f7deeb0e06268df6edffa14f5de.wav","type":"sound","tags":["music-loops"],"info":[2.8]},
{"name":"jungle","md5":"b234a04cc3958437c43ed3d93f34a345.wav","type":"sound","tags":["music-loops"],"info":[3.4]},
{"name":"kick drum","md5": "711a1270d1cf2e5de9b145ee539213e4.wav", "type": "sound", "tags": ["percussion"], "info": [0.172]},
{"name":"laser1","md5":"46571f8ec0f2cc91666c80e312579082.wav","type":"sound","tags":["electronic"],"info":[0.047]},
{"name":"laser2","md5":"27654ed2e3224f0a3f77c244e4fae9aa.wav","type":"sound","tags":["electronic"],"info":[0.069]},
{"name":"laugh-female","md5":"1e8e7fb94103282d02a4bb597248c788.wav","type":"sound","tags":["human"],"info":[1.229]},
{"name":"laugh-male1","md5":"8b1e025f38b0635f7e34e9afcace1b5e.wav","type":"sound","tags":["human"],"info":[1.33]},
{"name":"laugh-male2","md5":"86dee6fa7cd73095ba17e4d666a27804.wav","type":"sound","tags":["human"],"info":[2.908]},
{"name":"medieval1","md5":"9329fef6a59c5406d70cbe5837976d6b.wav","type":"sound","tags":["music-loops"],"info":[9.7]},
{"name":"medieval2","md5":"7bc8c4a9d0525f04451356c6cc483dd7.wav","type":"sound","tags":["music-loops"],"info":[14.7]},
{"name":"meow","md5": "83c36d806dc92327b9e7049a565c6bff.wav", "type": "sound", "tags": ["animal"], "info": [0.848]},
{"name":"meow2","md5": "cf51a0c4088942d95bcc20af13202710.wav", "type": "sound", "tags": ["animal"], "info": [0.591]},
{"name":"motorcycle passing","md5":"b49ab3a926da46578396d1faffd24d3b.wav","type":"sound","tags":["effects"],"info":[7.802]},
{"name":"owl","md5":"e8b6d605f5a1bb36c29e4e21ef754209.wav","type":"sound","tags":["animal"],"info":[0.736]},
{"name":"party noise","md5":"8f5a994abfa814da72272e766772dbac.wav","type":"sound","tags":["human"],"info":[4.052]},
{"name":"plunge","md5":"c09455ee9da0e7eeead42d4e73c2555d.wav","type":"sound","tags":["effects"],"info":[2.032]},
{"name":"pop","md5": "83a9787d4cb6f3b7632b4ddfebf74367.wav", "type": "sound", "tags": ["effects"], "info": [0.023]},
{"name":"rattle","md5":"74f1c07e0bcd7811fd9d456a5f8667f8.wav","type":"sound","tags":["effects"],"info":[0.598]},
{"name":"ride cymbal","md5":"53badb02228d10494e0efdd1e839548d.wav","type":"sound","tags":["percussion"],"info":[0.739]},
{"name":"ripples","md5":"d3c95a4ba37dcf90c8a57e8b2fd1632d.wav","type":"sound","tags":["effects"],"info":[1.95]},
{"name":"rooster","md5":"2e375acae2c7c0d655935a9de14b12f6.wav","type":"sound","tags":["animal"],"info":[1.552]},
{"name":"scream-female","md5":"10420bb2f5a3ab440f3b10fc8ea2b08b.wav","type":"sound","tags":["human"],"info":[0.601]},
{"name":"scream-male1","md5":"e06e29398d770dae3cd57447439752ef.wav","type":"sound","tags":["human"],"info":[0.771]},
{"name":"screech","md5":"3676f478e5e3496034cf100d239160df.wav","type":"sound","tags":["electronic"],"info":[2.624]},
{"name":"shaker","md5":"714e598d28e493cc50babc17f2c4895d.wav","type":"sound","tags":["percussion"],"info":[1.683]},
{"name":"singer1","md5":"92ee32e9be5ed7b69370fc38bb550597.wav","type":"sound","tags":["vocals"],"info":[2.145]},
{"name":"singer2","md5":"5d3d2865906889e866b3edf154e6cf5d.wav","type":"sound","tags":["vocals"],"info":[2.597]},
{"name":"snap", "md5": "c2ff5da4d9d85dee866615f672b749ce.wav", "type": "sound", "tags": ["percussion", "effects"], "info": [0.697]},
{"name":"snare drum", "md5": "c27fb569aba99c7203e954aecb1ed8e4.wav", "type": "sound", "tags": ["percussion"], "info": [0.125]},
{"name":"sneeze-female","md5":"31600c613823710b66a74f4dd54c4cdd.wav","type":"sound","tags":["human"],"info":[1.072]},
{"name":"sneeze-male","md5":"42b5a31628083f3089f494f2ba644660.wav","type":"sound","tags":["human"],"info":[0.69]},
{"name":"space ripple","md5":"ff8b8c3bf841a11fd5fe3afaa92be1b5.wav","type":"sound","tags":["effects","electronic"],"info":[3.732]},
{"name":"spiral","md5":"c987c4e2c85d1a034ef047c2611aff25.wav","type":"sound","tags":["electronic"],"info":[2.601]},
{"name":"spooky string","md5":"6648b690e6e22c7504db7746879d51b4.wav","type":"sound","tags":["instruments"],"info":[4.66]},
{"name":"string accent","md5":"c1b5c86a10f43f87746b1c305d4fd8df.wav","type":"sound","tags":["instruments"],"info":[1.533]},
{"name":"string pluck","md5":"d658129427a96764819cb9bd52076860.wav","type":"sound","tags":["instruments"],"info":[0.451]},
{"name":"suspense","md5":"12f86e0188510860970e04df45370c1d.wav","type":"sound","tags":["instruments"],"info":[1.511]},
{"name":"tambura","md5":"c2109f07f83086ec863e70887ef55fb6.wav","type":"sound","tags":["instruments"],"info":[2.019]},
{"name":"techno","md5":"8700dac70c8e08f4a5d21411980304bb.wav","type":"sound","tags":["music-loops"],"info":[8.0]},
{"name":"techno2","md5":"693b428f3797561a11ad0ddbd897b5df.wav","type":"sound","tags":["music-loops"],"info":[14.8]},
{"name":"tom drum", "md5": "5a8b8678d37a860dd6c08082d5cda3c2.wav", "type": "sound", "tags": ["percussion"], "info": [1.624]},
{"name":"triumph","md5":"072f4d9a3dfd2a082d50ff90ac7dc8f2.wav","type":"sound","tags":["music-loops"],"info":[4.0]},
{"name":"trumpet1","md5":"851c9e2c38e5e71922231a8f64c37e70.wav","type":"sound","tags":["instruments"],"info":[2.34]},
{"name":"trumpet2","md5":"dd73f891deca0241b800ed203408b6f3.wav","type":"sound","tags":["instruments"],"info":[2.125]},
{"name":"water drop", "md5": "aa488de9e2c871e9d4faecd246ed737a.wav", "type": "sound", "tags": ["effects"], "info": [0.369]},
{"name":"whoop","md5":"fbbbb76a2f53dae6ff1cf61b41f66038.wav","type":"sound","tags":["electronic"],"info":[4.934]},
{"name":"wolf howl","md5":"5e36d74bb16aa5085b901362788b0fbf.wav","type":"sound","tags":["animal"],"info":[3.901]},
{"name":"xylo1","md5":"6ac484e97c1c1fe1384642e26a125e70.wav","type":"sound","tags":["music-loops"],"info":[10.8]},
{"name":"xylo2","md5":"d38fc904a0acfc27854baf7335ed46f9.wav","type":"sound","tags":["music-loops"],"info":[11.2]},
{"name":"xylo3","md5":"786a7a66e96c801ca2efed59b20bf025.wav","type":"sound","tags":["music-loops"],"info":[9.5]},
{"name":"xylo4","md5":"b3ee7b6515eaf85aebab3c624c1423e9.wav","type":"sound","tags":["music-loops"],"info":[3.5]},
{"name":"ya","md5":"30987bbe464eb8db1e4c781dc238f81c.wav","type":"sound","tags":["vocals"],"info":[0.516]},
{"name":"zoop","md5":"01f5372ddac43001a2db4c82d71f37bb.wav","type":"sound","tags":["electronic", "effects"],"info":[0.251]},

{"name":"atom playground","md5":"dd85f581a3ba8d590543bd6e87d6fd14.jpg","type":"backdrop","tags":["outdoors", "city", "sports"],"info":[]},
{"name":"beach malibu","md5":"fd66e7be2200f27f6475b8673c8214ab.jpg","type":"backdrop","tags":["nature", "underwater", "sports"],"info":[]},
{"name":"bedroom1","md5":"4230e474051a8ec30fa766871489e330.gif","type":"backdrop","tags":["indoors"],"info":[]},
{"name":"bedroom2","md5":"181916364097d7e7e24a761534a64a48.gif","type":"backdrop","tags":["indoors"],"info":[]},
{"name":"bench with view","md5":"38fd6334f8cfdbc80619adcb006a2da5.jpg","type":"backdrop","tags":["outdoors", "city", "flying"],"info":[]},
{"name":"berkeley mural","md5":"e79adb9aba060af11c37b4781f91feb9.jpg","type":"backdrop","tags":["outdoors", "city", "music-and-dance"],"info":[]},
{"name":"boardwalk","md5":"acbae935194a383f9200b99bbc0697bf.jpg","type":"backdrop","tags":["outdoors", "flying"],"info":[]},
{"name":"brick wall and stairs","md5":"31b49fc0b7593aadb804a0bd5c069fc5.jpg","type":"backdrop","tags":["outdoors", "city"],"info":[]},
{"name":"brick wall1","md5":"4f234884958b11023d44abc010ad50ec.jpg","type":"backdrop","tags":["outdoors", "city", "sports", "music-and-dance"],"info":[]},
{"name":"brick wall2","md5":"900041259dd4cf03d5d1e15e928b5dbf.jpg","type":"backdrop","tags":["outdoors", "city", "sports"],"info":[]},
{"name":"building at mit","md5":"fe5e3566965f9de793beeffce377d054.jpg","type":"backdrop","tags":["outdoors", "city", "sports"],"info":[]},
{"name":"canyon","md5":"e9d5577287db24f92b6447c7fbd8fcc0.jpg","type":"backdrop","tags":["nature", "flying"],"info":[]},
{"name":"castle1","md5":"033f926829a446a28970f59302b0572d.png","type":"backdrop","tags":["castle"],"info":[]},
{"name":"castle2","md5":"e70cff23d246dff3174903b42353848c.png","type":"backdrop","tags":["castle"],"info":[]},
{"name":"castle3","md5":"e2730c93885bf3f61b0d8cd79050f556.png","type":"backdrop","tags":["castle"],"info":[]},
{"name":"castle4","md5":"392fd702b7ad08c467fa96dfc732feb3.png","type":"backdrop","tags":["castle"],"info":[]},
{"name":"castle5","md5":"a4d3b1643090c8d28e85b8a3bb3f344c.jpg","type":"backdrop","tags":["outdoors", "castle"],"info":[]},
{"name":"chalkboard","md5":"56db999ade99274a76ae7717eb256e06.jpg","type":"backdrop","tags":["indoors"],"info":[]},
{"name":"city with water","md5":"a1b28b2a48a3609b5b0562a53bc797bd.jpg","type":"backdrop","tags":["outdoors", "city", "flying"],"info":[]},
{"name":"city with water2","md5":"35a49599b015bdb0d77e389471b1146a.jpg","type":"backdrop","tags":["outdoors", "city", "flying"],"info":[]},
{"name":"clothing store","md5":"0ad4262c47875748b626dc41aad4c10b.jpg","type":"backdrop","tags":["indoors", "city"],"info":[]},
{"name":"desert","md5":"5e012b80c8c2c99be0bff0e24e9d6342.gif","type":"backdrop","tags":["nature", "flying"],"info":[]},
{"name":"driveway","md5":"16c84de201792c1ce1954686ceb8f4eb.jpg","type":"backdrop","tags":["outdoors"],"info":[]},
{"name":"flower bed","md5":"4b6314596a007a6a9ddb0430458c5133.jpg","type":"backdrop","tags":["nature"],"info":[]},
{"name":"flowers","md5":"63499cf8a5dc32a78ed8ba6b114f0a4b.gif","type":"backdrop","tags":["nature"],"info":[]},
{"name":"forest","md5":"2c6429f7d3be6415851ff9915cc0e7b7.jpg","type":"backdrop","tags":["nature"],"info":[]},
{"name":"garden rock","md5":"7a70c9cd40754733cde1db6cf83eef49.jpg","type":"backdrop","tags":["nature"],"info":[]},
{"name": "gingerbread", "md5": "a4fa918fb6ac923835dc1b4f3cce317c.png", "type": "backdrop", "tags": ["holiday"], "info": [480, 360]},
{"name":"goal1","md5":"7aad07c010c0df9f2682701463d98c37.png","type":"backdrop","tags":["sports"],"info":[]},
{"name":"goal2","md5":"ddd4f56b8de53c46638089726fdd354c.png","type":"backdrop","tags":["sports"],"info":[]},
{"name":"graffiti","md5":"ff2749b1ac5d35011576dabfee7cb7fa.jpg","type":"backdrop","tags":["outdoors", "city"],"info":[]},
{"name":"grand canyon","md5":"9792b60aeb8005f2191d6c84abfdc61b.jpg","type":"backdrop","tags":["nature", "flying"],"info":[]},
{"name":"gravel desert","md5":"245a2c52dbbedeea390c3e22d49430c0.jpg","type":"backdrop","tags":["nature", "flying"],"info":[]},
{"name":"greek theater","md5":"34d1a90d0075b4c057c8bce42a7c2463.png","type":"backdrop","tags":["music-and-dance"],"info":[]},
{"name":"hall","md5":"5da017ab11b920a262f2553a4186e23e.jpg","type":"backdrop","tags":["indoors"],"info":[]},
{"name":"hallway outdoors","md5":"9e7c48d569daeb76d976f7a674198528.jpg","type":"backdrop","tags":["outdoors"],"info":[]},
{"name":"hay field","md5":"d1b761a18f525a2a20caa2a5da12bbf1.jpg","type":"backdrop","tags":["outdoors", "nature", "flying"],"info":[]},
{"name":"hill","md5":"857b121a567626fe88159215c5373742.jpg","type":"backdrop","tags":["nature", "flying"],"info":[]},
{"name":"houses","md5":"7d5dda5b40d6d8217f3b3cd9d71755b1.jpg","type":"backdrop","tags":["outdoors"],"info":[]},
{"name":"kitchen","md5":"586e4724e1af9fddec64f83d90997c4a.jpg","type":"backdrop","tags":["indoors"],"info":[]},
{"name":"lake","md5":"07338ae08528c6d7ca542f9da016c025.jpg","type":"backdrop","tags":["nature"],"info":[]},
{"name":"metro1","md5":"a532a0529ba13c17e3c8fd32d25693ae.png","type":"backdrop","tags":["outdoors", "city"],"info":[]},
{"name":"moon","md5":"98758dc52f937a33a565c933f8eb9358.jpg","type":"backdrop","tags":["space"],"info":[]},
{"name":"night city with street","md5":"03a38fe7e5ce233f145e3a5b6b96b4bf.gif","type":"backdrop","tags":["outdoors", "city"],"info":[]},
{"name":"night city","md5":"761f9ed01b0f96650fcc77b4c6cc8219.gif","type":"backdrop","tags":["outdoors", "city"],"info":[]},
{"name":"parking-ramp","md5":"9f523828fb41da9a040623e25a7df6ea.jpg","type":"backdrop","tags":["outdoors", "city"],"info":[]},
{"name":"party room","md5":"30e8c3fd0be6f40b37785d83b8153b21.jpg","type":"backdrop","tags":["indoors", "music-and-dance"],"info":[]},
{"name":"pathway","md5":"a944ac0c1fc3e3b8feef0ddf691de726.jpg","type":"backdrop","tags":["nature"],"info":[]},
{"name":"pool","md5":"6d92c738150a821531061bcc9743c44c.jpg","type":"backdrop","tags":["outdoors", "sports"],"info":[]},
{"name":"rays","md5": "87e963282db9e020e8c4d075891ea12b.svg","type":"backdrop","tags":["other"],"info":[]},
{"name":"room1","md5":"c283de2416525f69cd8655053022d34a.jpg","type":"backdrop","tags":["indoors"],"info":[]},
{"name":"room2","md5":"7c1afda6967294c8256b389516c83dfc.jpg","type":"backdrop","tags":["indoors"],"info":[]},
{"name":"room3","md5":"61e3239fe9e0600cf11218b89f94a051.jpg","type":"backdrop","tags":["indoors"],"info":[]},
{"name":"route66","md5":"943ed51116fbbf4d4cd18a5f08274a18.jpg","type":"backdrop","tags":["outdoors"],"info":[]},
{"name":"school1","md5":"52d676e1f3e1cd8995e7040af39b9667.gif","type":"backdrop","tags":["outdoors", "city"],"info":[]},
{"name":"school2","md5":"85fda24ae18655fed894f2017914dca2.jpg","type":"backdrop","tags":["outdoors", "city"],"info":[]},
{"name": "slopes", "md5": "a22b84c4cfd6b108eebf69398473c9cb.svg", "type": "backdrop", "tags": ["holiday", "outdoors", "nature"], "info": [480, 360]},
{"name":"space","md5":"b579aeeb143e79c47e2e65cbd3c0fe36.svg","type":"backdrop","tags":["space"],"info":[]},
{"name": "sparkling", "md5": "a2c28220872e715ef729c82fd12c2668.svg", "type": "backdrop", "tags": ["holiday"], "info": [480, 360]},
{"name":"spotlight-stage","md5":"871a93bbd5547e3ad3a95eaa1d63c5e8.jpg","type":"backdrop","tags":["indoors", "music-and-dance"],"info":[]},
{"name":"stage1","md5":"99c5e811cfdac4d08ff9b9b0d4404412.png","type":"backdrop","tags":["indoors", "music-and-dance"],"info":[]},
{"name":"stage2","md5":"350ae82c294d50f64bf75964d4a0cd2d.png","type":"backdrop","tags":["indoors", "music-and-dance"],"info":[]},
{"name":"stars","md5":"552e05774979b3ec52fd1251e01eb032.gif","type":"backdrop","tags":["space"],"info":[]},
{"name":"the movies inside","md5":"fb64c872492a50bd0e0b17157fbb098d.jpg","type":"backdrop","tags":["indoors", "city"],"info":[]},
{"name":"the movies outside","md5":"df281f3cc7f437c31d0ad45b72315d81.jpg","type":"backdrop","tags":["outdoors", "city"],"info":[]},
{"name":"train tracks1","md5":"4641f5115f12b7b7be000915af958048.jpg","type":"backdrop","tags":["outdoors"],"info":[]},
{"name":"train tracks2","md5":"642b12186c7f9488a0bf509c4d6572cd.gif","type":"backdrop","tags":["outdoors"],"info":[]},
{"name":"tree","md5":"e770d073f62fe8ce28e25b54bdb2122a.jpg","type":"backdrop","tags":["nature"],"info":[]},
{"name": "tree-gifts", "md5": "e058f6d1246f6b94bbc67c5fd04fb25f.png", "type": "backdrop", "tags": ["holiday"], "info": [480, 360]},
{"name":"underwater1","md5":"efad1bcdc7a2945871136e14ba1f9838.png","type":"backdrop","tags":["nature", "underwater"],"info":[]},
{"name":"underwater2","md5":"ae3aac79accf4fa93ffbe3296dd3730d.png","type":"backdrop","tags":["nature", "underwater"],"info":[]},
{"name":"underwater3","md5":"be203c37c3ea07b39a5519d1a55214ff.gif","type":"backdrop","tags":["nature", "underwater"],"info":[]},
{"name":"urban1","md5":"d8c6128aeb2e84ff751f7efef3eb0d03.png","type":"backdrop","tags":["outdoors", "city"],"info":[]},
{"name":"urban2","md5":"afd61866da06305f09ea3aa42e6705db.png","type":"backdrop","tags":["outdoors", "city"],"info":[]},
{"name":"village","md5":"47dd0064409d8c4db9da24fe7989034c.jpg","type":"backdrop","tags":["outdoors"],"info":[]},
{"name":"water and rocks","md5":"b19ad0e0046cee5282d3f6ff311f37bf.jpg","type":"backdrop","tags":["nature"],"info":[]},
{"name":"wave","md5":"989c99466d14ca77424e7dd8b1fb9bee.jpg","type":"backdrop","tags":["nature", "underwater"],"info":[]},
{"name":"winter","md5":"5fa9385a60b904672d0e46e9d768bb32.svg","type":"backdrop","tags":["holiday", "nature", "outdoors"],"info": []},
{"name":"winter-lights","md5":"381f471693238611a1b54da4e771637a.svg","type":"backdrop","tags": ["holiday"],"info": []},
{"name":"woods and bench","md5":"10cdd2d4cf5359debb2b4d4bd6edd5a1.jpg","type":"backdrop","tags":["nature"],"info":[]},
{"name":"woods","md5":"82a2fd67a3e7449bd9e9d2a9757119fa.gif","type":"backdrop","tags":["nature"],"info":[]},
{"name":"xy-grid","md5":"c7170e868695b784217edac305bb791d.gif","type":"backdrop","tags":["other"],"info":[]}
]
